-- phpMyAdmin SQL Dump
-- version 4.8.5
-- https://www.phpmyadmin.net/
--
-- Host: 127.0.0.1
-- Generation Time: Dec 15, 2019 at 01:54 PM
-- Server version: 10.1.38-MariaDB
-- PHP Version: 7.3.2

SET SQL_MODE = "NO_AUTO_VALUE_ON_ZERO";
SET AUTOCOMMIT = 0;
START TRANSACTION;
SET time_zone = "+00:00";


/*!40101 SET @OLD_CHARACTER_SET_CLIENT=@@CHARACTER_SET_CLIENT */;
/*!40101 SET @OLD_CHARACTER_SET_RESULTS=@@CHARACTER_SET_RESULTS */;
/*!40101 SET @OLD_COLLATION_CONNECTION=@@COLLATION_CONNECTION */;
/*!40101 SET NAMES utf8mb4 */;

--
-- Database: `ca17054`
--

-- --------------------------------------------------------

--
-- Table structure for table `admin`
--

CREATE TABLE `admin` (
  `AdminID` int(11) NOT NULL,
  `Name` varchar(100) NOT NULL,
  `Username` varchar(20) NOT NULL,
  `Password` varchar(20) NOT NULL
) ENGINE=InnoDB DEFAULT CHARSET=latin1;

--
-- Dumping data for table `admin`
--

INSERT INTO `admin` (`AdminID`, `Name`, `Username`, `Password`) VALUES
(1, 'Adam', 'ADM1', '12345');

-- --------------------------------------------------------

--
-- Table structure for table `cart`
--

CREATE TABLE `cart` (
  `CartID` int(11) NOT NULL,
  `CustID` int(10) NOT NULL,
  `Product` varchar(20) NOT NULL,
  `ResID` int(11) NOT NULL,
  `ItemID` int(11) NOT NULL,
  `Quantity` int(11) NOT NULL,
  `Price` double NOT NULL,
  `Total` double NOT NULL,
  `PayStatus` varchar(20) NOT NULL
) ENGINE=InnoDB DEFAULT CHARSET=latin1;

--
-- Dumping data for table `cart`
--

INSERT INTO `cart` (`CartID`, `CustID`, `Product`, `ResID`, `ItemID`, `Quantity`, `Price`, `Total`, `PayStatus`) VALUES
(25, 1, 'Burger Ayam', 2, 2, 10, 3, 30, 'Paid'),
(26, 1, 'Fried', 2, 4, 5, 3.5, 17.5, 'Paid'),
(27, 1, 'Burger Ayam', 2, 2, 1, 3, 3, 'Paid'),
(28, 1, 'Fried', 2, 4, 10, 3.5, 35, 'Paid'),
(29, 1, 'Burger Ayam', 2, 2, 10, 3, 30, 'Paid'),
(30, 1, 'Fried', 2, 4, 1, 3.5, 3.5, 'Paid'),
(31, 3, 'Fried', 2, 4, 8, 3.5, 28, 'Paid'),
(32, 3, 'NASI LEMAK', 1, 1, 2, 4, 8, 'Paid'),
(33, 1, 'Burger Ayam', 2, 2, 1, 3, 3, 'Paid'),
(35, 1, 'Burger Ayam', 2, 2, 1, 3, 3, 'Paid'),
(36, 3, 'Fried', 2, 4, 5, 3.5, 17.5, 'Paid'),
(37, 1, 'Burger Ayam', 2, 2, 1, 3, 3, 'Paid'),
(38, 1, 'Burger Ayam', 2, 2, 1, 3, 3, 'Paid'),
(39, 1, 'Burger Ayam', 2, 2, 1, 3, 3, 'Paid'),
(40, 1, 'Burger Ayam', 2, 2, 1, 3, 3, 'Paid'),
(41, 1, 'cocco', 5, 5, 1, 238.88, 238.88, 'Paid'),
(42, 1, 'cocco', 5, 5, 1, 238.88, 238.88, 'Paid'),
(43, 1, 'cocco', 5, 5, 1, 238.88, 238.88, 'Paid'),
(44, 1, 'cocco', 5, 5, 1, 238.88, 238.88, 'Paid'),
(45, 1, 'NASI LEMAK', 5, 6, 1, 35.01, 35.01, 'Paid'),
(46, 1, 'hamburger', 6, 8, 3, 32, 96, 'Paid'),
(47, 1, 'hello', 6, 9, 4, 34.98, 139.92, 'Paid');

-- --------------------------------------------------------

--
-- Table structure for table `customer`
--

CREATE TABLE `customer` (
  `CustID` int(11) NOT NULL,
  `Name` varchar(100) NOT NULL,
  `Username` varchar(20) NOT NULL,
  `Password` varchar(20) NOT NULL,
  `Address` varchar(150) NOT NULL,
  `phoneNum` varchar(10) NOT NULL,
  `email` text NOT NULL
) ENGINE=InnoDB DEFAULT CHARSET=latin1;

--
-- Dumping data for table `customer`
--

INSERT INTO `customer` (`CustID`, `Name`, `Username`, `Password`, `Address`, `phoneNum`, `email`) VALUES
(1, 'Ivan Yong', 'Cust', '12345', 'No.111,Kampung A, 31458 Apple, Perak.', '0165950317', 'yewkhen97@gmail.com'),
(2, 'Asd', 'CB17104', '12', '', '', ''),
(3, 'YONG YEW KHEN', 'A012', '12', 'No.111,Kampung A, 31458 Apple, Perak.', '', ''),
(4, 'BERNARD', 'asd', '12', '', '', '');

-- --------------------------------------------------------

--
-- Table structure for table `despatcher`
--

CREATE TABLE `despatcher` (
  `DespatcherID` int(11) NOT NULL,
  `DesName` varchar(100) NOT NULL,
  `Username` varchar(20) NOT NULL,
  `RegStatus` varchar(20) NOT NULL,
  `Vehicle` varchar(20) NOT NULL,
  `Password` varchar(20) NOT NULL
) ENGINE=InnoDB DEFAULT CHARSET=latin1;

--
-- Dumping data for table `despatcher`
--

INSERT INTO `despatcher` (`DespatcherID`, `DesName`, `Username`, `RegStatus`, `Vehicle`, `Password`) VALUES
(1, 'Adas', 'Desp', 'Approved', 'Kereta', '12345'),
(2, 'Kent', 'Desp_2', 'Approved', 'Kereta', '12345'),
(3, 'aaaaaaa', 'aa', 'Approved', 'Motocycle', '12');

-- --------------------------------------------------------

--
-- Table structure for table `feedback`
--

CREATE TABLE `feedback` (
  `CustID` int(11) NOT NULL,
  `DespatcherID` int(11) NOT NULL,
  `Comment` varchar(200) NOT NULL,
  `Rating` int(11) NOT NULL
) ENGINE=InnoDB DEFAULT CHARSET=latin1;

--
-- Dumping data for table `feedback`
--

INSERT INTO `feedback` (`CustID`, `DespatcherID`, `Comment`, `Rating`) VALUES
(1, 1, 'this person is nice', 5),
(3, 2, 'this person is slow', 3),
(4, 1, 'SO SO', 2);

-- --------------------------------------------------------

--
-- Table structure for table `item`
--

CREATE TABLE `item` (
  `ItemID` int(11) NOT NULL,
  `ResID` int(11) NOT NULL,
  `ItemName` varchar(20) NOT NULL,
  `ItemDesc` text NOT NULL,
  `category` varchar(20) NOT NULL,
  `Price` double NOT NULL,
  `Status` varchar(20) NOT NULL
) ENGINE=InnoDB DEFAULT CHARSET=latin1;

--
-- Dumping data for table `item`
--

INSERT INTO `item` (`ItemID`, `ResID`, `ItemName`, `ItemDesc`, `category`, `Price`, `Status`) VALUES
(1, 1, 'NASI LEMAK', 'Nasi Lemak yang sedap', 'breakfast', 4, 'Not Available'),
(2, 2, 'Burger Ayam', 'Burger yang ada Ayam', 'Lunch', 3, 'Available'),
(4, 2, 'Fried', 'frisdfsd', 'Dinner', 3.5, 'Available'),
(5, 5, 'cocco', 'nice cocco', 'Breakfast', 238.88, 'Available'),
(6, 5, 'NASI LEMAK', 'dfsdfsdf', 'Lunch', 35.01, 'Available'),
(7, 6, 'udon', 'bjsfbsdfsdf', 'Supper', 22.22, 'Available'),
(8, 6, 'hamburger', 'sdfsdf', 'Breakfast', 32, 'Available'),
(9, 6, 'hello', 'werwefdsf', 'Lunch', 34.98, 'Available'),
(10, 5, 'asa', 'asa', 'Breakfast', 112, 'Available');

-- --------------------------------------------------------

--
-- Table structure for table `orderdetail`
--

CREATE TABLE `orderdetail` (
  `OrderID` int(11) NOT NULL,
  `DespatcherID` int(10) NOT NULL,
  `ResID` int(11) NOT NULL,
  `ItemID` int(11) NOT NULL,
  `CustID` int(11) NOT NULL,
  `Time` time NOT NULL,
  `ETA` time NOT NULL,
  `Status` varchar(20) NOT NULL
) ENGINE=InnoDB DEFAULT CHARSET=latin1;

--
-- Dumping data for table `orderdetail`
--

INSERT INTO `orderdetail` (`OrderID`, `DespatcherID`, `ResID`, `ItemID`, `CustID`, `Time`, `ETA`, `Status`) VALUES
(22, 1, 2, 2, 1, '11:07:00', '23:22:39', 'Received'),
(23, 1, 2, 4, 1, '11:07:00', '23:22:39', 'Received'),
(24, 1, 2, 2, 1, '11:07:00', '23:22:39', 'Received'),
(25, 1, 2, 4, 1, '11:07:00', '23:22:39', 'Paid'),
(26, 1, 2, 2, 1, '11:07:00', '23:22:39', 'Paid'),
(27, 1, 2, 4, 1, '11:07:00', '23:22:39', 'Paid'),
(28, 2, 2, 4, 3, '03:06:00', '03:21:29', 'Paid'),
(29, 2, 1, 1, 3, '03:06:00', '03:21:29', 'Prepared'),
(30, 1, 2, 2, 1, '11:07:00', '23:22:39', 'Received'),
(31, 2, 2, 2, 3, '03:06:00', '03:21:29', 'Prepared'),
(32, 2, 2, 4, 3, '03:06:00', '03:21:29', 'Food taken'),
(33, 1, 2, 2, 1, '11:07:00', '23:22:39', 'Received'),
(34, 1, 2, 2, 1, '11:07:00', '23:22:39', 'Done'),
(35, 1, 2, 2, 1, '11:07:00', '23:22:39', 'Done'),
(36, 1, 2, 2, 1, '11:07:00', '23:22:39', 'Received'),
(37, 1, 5, 5, 1, '11:07:00', '23:22:39', 'Received'),
(38, 1, 5, 6, 1, '11:07:00', '23:22:39', 'Delivered'),
(39, 1, 6, 8, 1, '11:07:00', '23:22:39', 'Prepared'),
(40, 1, 6, 9, 1, '11:07:00', '23:22:39', 'Prepared');

-- --------------------------------------------------------

--
-- Table structure for table `payment`
--

CREATE TABLE `payment` (
  `PaymentID` int(11) NOT NULL,
  `CartID` varchar(20) NOT NULL,
  `PaymentDate` date NOT NULL,
  `Destination Fee` double NOT NULL,
  `PaymentPrice` double NOT NULL
) ENGINE=InnoDB DEFAULT CHARSET=latin1;

--
-- Dumping data for table `payment`
--

INSERT INTO `payment` (`PaymentID`, `CartID`, `PaymentDate`, `Destination Fee`, `PaymentPrice`) VALUES
(1010, ' 25,26', '2019-12-14', 1, 48.5),
(1011, ' 27,28', '2019-12-14', 1, 39),
(1012, ' 29,30', '2019-12-14', 1, 34.5),
(1013, ' 31,32', '2019-12-14', 1, 37),
(1014, ' 33', '2019-12-14', 1, 4),
(1015, ' 36', '2019-12-14', 1, 18.5),
(1016, ' 37', '2019-12-14', 1, 4),
(1017, ' 38', '2019-12-14', 1, 4),
(1018, ' 39', '2019-12-14', 1, 4),
(1019, ' 40', '2019-12-14', 1, 4),
(1020, ' 41', '2019-12-14', 1, 239.88),
(1021, ' 42', '2019-12-14', 1, 239.88),
(1022, ' 43', '2019-12-14', 1, 239.88),
(1023, ' 44', '2019-12-14', 1, 239.88),
(1024, ' 45', '2019-12-14', 1, 36.01),
(1025, ' 46,47', '2019-12-14', 1, 236.92);

-- --------------------------------------------------------

--
-- Table structure for table `record`
--

CREATE TABLE `record` (
  `username` varchar(20) NOT NULL,
  `name_blob` varchar(255) NOT NULL,
  `type` varchar(255) NOT NULL,
  `data` longblob NOT NULL
) ENGINE=InnoDB DEFAULT CHARSET=latin1;

--
-- Dumping data for table `record`
--

INSERT INTO `record` (`username`, `name_blob`, `type`, `data`) VALUES
('kam', 'Capture.PNG', 'image/png', 0x89504e470d0a1a0a0000000d4948445200000286000001110806000000e601661f000000017352474200aece1ce90000000467414d410000b18f0bfc6105000000097048597300000ec300000ec301c76fa86400004bef49444154785eed9def8f24c779dfe71fb817828e6664d9214d0788758a8f6622ac11d3e4eedeedcdde8f154f47c6cc4522cd9cc4cb28c1217aa1851d48806404979b4bee9484268fbc7d41ca9433a01328406c3880e00c612fed588e13c58e733628c65a8950cc17d20b4b24630a2079957eaabbba9f7aeaa9eaee99d9bd9ed96f131f7657d5534f5557d73cf59dea3d4cefa1871e32000000000000f4def7bef719000000000000200c01000000008005c210000000000058200c01000000008005c210000000000058200c01000000008005c210000000000058200c01000000008005c210000000000058a2c2f08ffff88f8d76fcf66fffb6f9ee77bf6b0683415087f2fef22fff522d93dc77df7de6f5d75f2fbc1af3577ff55741bd43870e996f7ef39b8585b1d794c76d660df52b767fb322d6861c133a7ee3377ea32caf1bdf367d27bff48c5dbac958933def0f981dd3ccbbbd98b3b384e6d1d5ab57cbb4d67f2a273bed33c1eb72e6611c66d9471ea3f1b90400cc8ada1d4319c86615d8a41f0a6c5c8c503e8945be0850de2ffdd22f95e9dd602f1697581bda58d3a2c8055c8aa67da7f2975f7eb9f558933dd5abf30fda937a7675cfb5e973ef0a4ef4b934f59be61f1737744db4b9b749c7612fc76f567da4b3fb7cee65ff01008b4f6784214fbbddabd8ce4013eebcf34ef3e0830f9af7bffffd6a798cbd08b2b136b47cbaa63c2ae3b61a4dfbee165dba6e3bd67251af63d2e730afecc6bcab7bae4d9ffbac99f45ea99ffc8b09cdc5af7ce52be6ab5ffdaa4df32f206dee6dd27198a4de5ec797543d7c610300cc928985e117bff845fb2d9fbfc6e0b64e70b8430a8f985f4a13744d79bc4e1b2868d337ea8f7ffce3ad82b7ec1787f2dc3dd3c1ef2976bffc758f1354b136b47ce797fcf172ad3d5e4ed7da6ea35c44e84c75c89edb39c82fb543f5284df67c51af6392e7e0eecdcd2bd987d498f27949f5c8873be43c4dcd61adac09d3ce3bd92ee5f357a9ee7ee939383bf9e71dbc8c0e1a07d78e1b5b77509996e7ec534c7aafd49e9b83ee9afcfcc55ffc85bd5f825ff37b4be16c63cf4e1b17aaa38d6f1db37eceae7c923e52b91b2f9e0f000093309130a420e5166a0a5c94a67c6e4bf9a9202bfd5270743e29af8df8d0f8911ff9111bb4db066fd92f9e4ff7e9164d2a777fef47fda4bea70404f79b6a43e63bdf6e8170e5daf8baf2cdcdcdb20e2f77367c11215fa9b1261feeb9505ad6af639ae740ed7cf4a31f8db647797c4ce5bca4c33d134af379ca6da9be7b96a932d9bec634f72bfbcffbcbe785b375cf97ee91c404efbf2be3fd27bfe45fce53b26d2a883893de2b41ed51bbd4df3ff9933fb17da31d43ea27ef8fbb1f77b83191feb86d6c0c63e34265f27357c76e3de749fa4863958a3d0000d086a95f25f334bf2668b18a052cb2a520e80e171ca98cea921f979e943beeb8c37ce6339fb1c1fbd4a953aa8d84df03cfd7fae416b7547fa9dc1d7cf1d6dad0f269f170bb2bbc9c90e3ebcabff39def24c75d0ac358df35787fb4728d499e03e1c6ce2d94329f8ed898a6d2b28ce0422556e6d275cc62dea5fa4b672ee6793941d794e77cd7cd53ca4f7d56534cf36c5dbfe84c79d43e87f2e4bda790b64dc7a54d1b9c593fe7b67da4e7af097d000098865d1386ae3e052d3a28b8b93c598fe7132ee0c93a6da06ff0937ea3d7fa4569caa77297d764c175f93181c7edb57cee432be7e34be524b0bffded6f978bad846cb8306c3bd6b27e1d933e0782fae4eecde5f1f1488d692a2dcbf818a4ca285dc7ace65daabf749ea53074c43eab31a679b6ee1ee86f0b5d7b94f7b5af7dad7ca69427ef3d85b46d3a2e6dda70ecc6736ed3473ef79d2d0000cc825d1786042d38f25b6dccd641c1502e52644b8198dbc598f5df1852be7ccd437694efc483bc47b2a57c2a27fbbad742325fb619abe7c69797d38222fb43680b4a6aacf93db87c2e4aea98e63968af929b8e692a4dd734ae6e7c288fca283f5546e93a6635ef785a2be3f382faca774edbce530e95a5ca3993de2be1fae2fa4d79aeef045dbb3c7eef29a42d4f3bdfdab8b469c3b15bcfb9691fc926f6e50f0000a661d78421052e77f0401ff3ab4165b470b8830b943aa6f95783d45f7e7091e0fac31734ad1eddbf5bfce8a05dbc6f7ce31bb64eecdea50fad8dd4f8f272d7b63666dae24f75b4b1a676b88fb60bd224cfc1f5ddf591ceae0fae8c8ed498a6d2ee9afeb6cd1d745fdc4e2b6bc2acfeb5aa4cd398d3e1c69e3fffd43f3e69324fb92f37979c7d8a49efd5c19fabcba3fbe3f34bf6970e3977b96d6a0c53e322c7b78edd7ace4dfb4863208fd8b80000401b6a8521583c68b169b3ebe720fb45787d2517e3a665000000c0a20361b84fa1dd85a6bb230eb26f5ba78b4018ce37f48ce42e629b9d4e00000071200cc1be03c210000000d0813004000000000016084300000000006081300400000000001608430000000000608130040000000000160843000000000060813004000000000096de430f3d64000000000000c08e210000000000b040180200000000000b84210000000000b040180200000000000b84210000000000b040180200000000000b84210000000000b0f46ebffd76330def7def7bcd9d77de693ef8c10fda33006da07973f5ea55cc1f603ef1894fa8f9003401f367b1c1f39d8e36e30761086e193467befce52f9b5ff8855f305ffad2973087f63908fc601a307f161b3cdfe98030049dc789c273e7ced9f4caca0ac4e13e07811f4c03e6cf6283e73b1d1086a0d34851e88038dcdf20f08369c0fc596cf07ca703c210741a9a2b0f3ffcb05a46e290d0cac06283c00fa601f367b1c1f39d0e084300c0dc81c00fa601f367b1c1f39d8e9909c3c160a0e673200c0100b300811f4c03e6cf6283e73b1d331186240a1d5ab903c21000300b10f8c13460fe2c3678bed331b530e4a2b04e1cee8e301c98d1ce8ed9190d94fc6d33ecf33c00c022900e5c454c606c0ffb8a5d9761f1ab3f34db3c960d46f97d6d0f4d5f963502b131357f06237fee38e66f0eed5f6a858dfb0c5946664079137d961693a984a11483322dd93d61b86db6b777cc6810e6e32103b078d40b43fed9a774b600045f1e255d8a19b1bee4f7e2c7bab674e93e6f0dcd163e8cd3bc927cbe56001662b0480fa7fa3c2d1e33118675798edd1486c341f6b0e91bb4ccc7871a8085a39d30cc908b814a976246ac2fb3e823622384e162937cbeb45be8690520995a18cabc54feae0ac3ecc34baf00aaed7eff43edbd1e28770e0a1b129545197d13ef0fb74b5beff5815d5c9c9fba450600b05bb4168677f6cd90bd5508e301d59179996ded677e9a182276fe58d9f670c8eec1dd8fdfc7dcafb8d7587fa3bef727ed84a13f772ca5b8089f3fd68c5b4f7d7c10cfa9cccf3f17fcf36b691c0f1683a984615b765b18c6af39d2267bc0eedb43f17707e584b169f7f085bfac2c9c580080bd605a61a8dbca7a4d3ef364d32686b03ed84586b75d95e50b93d62fd1a75459d9df94effd493b61985dd373647f8a405f2cf2f1ccc7b67cfec133d59e479106bb46fdf3cde3017d56ab98209e5799b7ff34c08209c38cf203ace4d307d8e2f2e54448a4bd6f0a052c500000f68ec98421cb6b120f1a7de6dbc6107f97a1141854e6bddee27e62d7221deb6fd2f7fea4b530b4d74c2094e3198ea5f74cb5e751d881dda3b1b0299e5125f223cf92d9ee87e7b978c2b0dc1960f9f681ba0f355f2064dd44daf30100b895b41686fcf3db341e34facc4f1743662f0c95fe267def4fda0bc37ca7957688dc59b3a9d69fecbad1fc01bb411b616377d0adc013cfb2dc642ad2fbe8792ea030ccb00f90147d914f0fd805465be6ec65dd549aaeb5bf4b0000ec35ed8461fed92dbff9b78a07759f79ad4e2c9dfbf37720dc42e3974dfe2a39f6b75331dffb934984a17d5edb2333e23bcf72cc95678a3563ef493edfc1903dbf5cc8e7cf883f6fba962270ff3ccfc51486197ef0cb1fbeddfaf53ed8b26e4dda7ee80b3f045e0b00704ba81786ec731ac487583cc877f0bccf76ed677e9a1822fac55e6febfff8445e2be9587fa3bef7271309c30c3b3fbc3990db8c46b4dee4e35b0a7f026bc62da1557c289f49f5bccb38e0f0be48b2fc057d9ead84e1873ffc613329bb270c0100fb8d36810b00c9a4f3c7fb9b334b281ec1ad07f1613a200c01007307023f988689e60fed16797fab4940187611c487e980300400cc1d08fc601adacd1ff7a7079a008430ec22880fd301610800983b10f8c13460fe2c3678bed301610800983b10f8c13460fe2c3678bed301610800983b10f8c13460fe2c3678bed301610800983b10f8c13460fe2c3678bed301610800983b10f8c13460fe2c3678bed301610800000000005a03610800000000002c10860000000000c002610800000000002c10860000000000c002610800000000002c10860000000000c002610800000000002c9d1586cbcbcb6a9b4da0ba9a4f000000000010a7b3c290fc6f6c6c9467874cf3fc53a74e9569cd27000000000088d3596178f2e4492bf49cd87369bae667e2ec99752f8f6c359f0000000000204ee7852189bd13274ed8b4cba3f3f987d7cc739fbac7bc3c3c686e5eef95f97426349f0000000000204e6785a1138374765c38bb625ef8f461f3ad2b078cc9c420c7094367abf99c1b36b6cc4ef6dfd68652367336cd78cfda02607afac36db3b33d347d593618999dd1c04fef8ccc80d90c46d9276b27677bd8af6c1dcc47d4d6fa8df850da4cda17d4f68b11dc7fadff811915e539db66d817657cdc18b62dcf7e5ea91b03ed1e797eaa3e47da15cfa43f34db9eaf587db06fd06245899c237d33dccee693fd9c86736c34e075a7a7b3c2f0f8f1e3667d7ddd8a3cba7ee3495f08725eb97cd0dab83a74d67c76975b29ce200cc13c5104c5401852e07481d405d15166cb026fb6380fcb00aa2dcecc47d496ae9d4f9e1f6f735bb567d4f68b43e5ecfe9bf817f9beb0cccbb6cbb1e3146d25fb332fd48f417adc52f539315f9c2636607189c40a0f7f8ed017c7ea4b9f983f5e0c980d9d16868413865c08d2abe357af1c30cf5eb8db3c7666d51384ee5af3d95d200c0168022dc8a3611608e5a24cc131d8f5a2001a0b985c4816a83e08664bdff2990df5c7dfa5f3db94e5a1bd44e91743de7f33ff5288f0747e3d1a29f5ecbdd2e215efcffc503f06e13da66c9ad489d1c4062c3e340fea85217da6fd1d7d397f663f9f3a2b0cfbfdbe15787426b83074bc75ad675efadc1de6d2b90f957654272e0c37ccd68e298ff166916f5fdd564799ef44d3d6b828316667cbfd8be75499f439369b2e3fe803f961c778b3f2edc4da44fde314769b959fe03e5a9701b0c738e14667210cad600a5ea7d4055ebf4cf74154b681f0124251fa95f641fd00569f7cf3fb54eebf997ff2195b48dcb5dfef4aa0cabaf34a933170654d6c9ad489e50b1b7a9ec52bc1f8ab45b078d03c883def628e0c450ce0656efe0431687a3a2d0c1dc78e1d3317cf2d99173f7b977933f24ad9d9397118facc0559286c48fc30b1e5fd7d5f5e968bb52cbd692d0b915757e67ce46579bba93e307b2f9db7d3be7f9cc26e67cb6c505af3e1cab47b54eb01b097b09db44018c6026c3cf0faaf668866b66d85a12d2fd3740fb1bf03ccf1fae509c3c8fd37f2ef2f24740fda6b546abb14c6651b7eddf9a56e0c489469b83aa9fa9cd0573ea6bc7eec3a237b9ea9f90116097af67acce1f348ffc2cbe758ccc7e474561892c8933c72fa7e73edf143e6c6e77be6fb5fe899b7af55c2706d6dadb4a3ebc0a715358a6852f2491be5428c84514ab045caac4f7190788bf5a1d6d724fde384f993dd23af07c0dee10932290ca38ba9167823e249f511dab61686195644d8001e79656b498bc6d4fdd7fb4f2d2454560813e6b71289acbcac338f341c83a00e1770b1fa9ca6be8a6b1a73cf6fc68c777f4057a17950338f06343fe47c1273ccce2169331d9d1586478f1e2d451e9dbf7ee936639ee999779fee99779eea991f3cd133af5fed99ef5de999d72ef74a7b3a774318366b2ba79dafe98561be73d9fe1e793d00f60e7f512eb02286eda405f564e08dd96af9115b210403a1980cf66257ae24750f04f98cddbf6fabfb170b49b4ace8072d46a5ef54dd79a2e918c4f29b8e434b5f76518fcf17b0c8d03c68f00583628e6727e7187d6eb5cffde4745a181e3972c49e0912859c9dcbef31cf5f3864ce3f786f69c3097db67995ec84581bd124cbb4b666f52ab96dff721f65bbad7cc4ea01708be03b66741ddd61118137d8dd2bd07ca46c4b9f3240bbbc48b0279f8a988bb615b3e7f7cf89d9abfd8c94918f4c7456623755779e6831066a7ed37168eb8baee33bc56091a167df40186669fb56a0fc6cfb65794cd2e6dce4745a183a4820deccc4e08d8bb79beb9f3c6c1e7de03eb3baba5a96d1b53c6b3e9dd071872fb6dc111349329d2acbf07c6687fb3bc0481f6817b0c8a8f19568d34b87d7e371e5a5daf5abf7a1d703e016c1841105ccf837653ff056af5c2b6841d67cc46c6d79219e087d778e077b4a3b1ffa22106dab9130acf71f2c24c932da7d90fd9feda2736b6833065a7ed37198c0975dd8d9f38f7ed1018b05cd83e69f597a1b90c7032a63f3a5d1bc6c476785a1147aa7d797ed99585959f1ae0967e7f2349ffb1729fe9a32693d00f6822c406ac2a915b3f00100008b436785a1137c5200d60161a8016108000000807a3a2b0c97969602d1d714aaabf9dcbf401802000000a09ece0a430000000000b0b740180200000000000b84210000000000b040180200000000000b84210000000000b07456182e2f2fab6d3681ea6a3e0100000000409cce0a43f2bfb1b1519e1d32cdf34f9d3a55a6359f0000000000204e6785e1c99327add07362cfa5e99a9f89b367d6bd3cb2d57c020000000080389d178624f64e9c3861d32e8fcee71f5e33cf7dea1ef3f2f0a0b979bd57e6d399d07c020000000080389d15864e0cd2d971e1ec8a79e1d387cdb7ae1c302613831c270c9dade6737f815f2d018b497fb85dfc98bc281b8cccce68e0a7c58fd4db1fa22f7e7c7e7bd8af6c1dcc47d4d6fa8df850da4cda17d4f62bc3de7761c3db88e557a47e74bf28e3e3c6c87dcffe47faf79eba31d0ee91e7a7ea73a45df13cfb43b3edf98ad507fb062d5694c839d237c3ed6c3ed9cf6938c746035e777a3a2b0c8f1f3f6ed6d7d7adc8a3eb379ef48520e795cb07ad8dab4367cde76c9817c10561081691222806c29002a70ba42e888e325b1678b3c5795806506d71663ea2b674ed7cf2fc789bdbaa3da3b65f39241eb50520965fe1fbf485755eb65d8e1d87ca68e1d1fb335fd48f817eff2e3f559f13f3c5696203169748acf0f0e7087dc6ab2f8c62fe78316636745a18124e18722148af8e5fbd72c03c7be16ef3d899554f10ba6bcde76c803004e056410bf268980542b92853700c76bd2880c60226179205aa0f82d9b21d4582fae3eff0f96dcaf2d05ea2f4ab60306a975f2185084fe7d7a3cc47d02f7bafb478d5f99f07eac720bcc7944d933a319ad880c587e641bd30b45f42bcb824e7cfece753678561bfdfb7028fce0417868eb7aef5cc4b9fbbc35c3af7a1d28eeac485e186d9da31e531dea43c29a0785ada53193bc69b799d8dadac4675e47e99afcdaa9cca3698d39d2df62fa83d3f63b3c97c8cc754e2f21ca1ffcadfa46500741427dce82c84a1158cc1ae595de0f5cb741f44651b083b2114a55f691fd40f60f5c977799fc52e43f1eaa8f211cbe790cfd842e2aefd7e570255d69d579a8c812b6b62d3a44e2c5fd8d81d1ff70cfd390916199a07b1e75dcc91218f01a2cccd9f20064d4fa785a1e3d8b163e6e2b925f3e267ef326f465e293b3b270e439fb9c80b055021923461b899c94027fe92f64c0c5a71e7caf3b2ac51b34165e4cf268b3ed8b42f004bbf59596e97fbd0859bf05fdb366f2b560f802ec276d20261180bb0f1c0ebbf9a219ad9b61586b6bc4ce7224e176f395ebf3c61c8110b43cb7cba07ed35aaf74aba1ce398cf79a36e0c9c3093b83aa9fa9cd0573ea6bc7eec3a237be6a9f90116097af67acce1f348ffc2cbe758ccc7e474561892c8933c72fa7e73edf143e6c6e77be6fb5fe899b7af55c2706d6dadb4a3ebc0a7153f72c78d10828ca78b1d3c5f94097bc56fae2715db066d798715a5b20e272c6bd676aa1e00ddc3136452184617532df046c499ea23b46d2d0c33ac88b0013cf2cad6522f1a39a1b04de5a716122a2b84091bd74a24b2f2b2ce3cd2700c823a5cc0c5ea739afa2aaebdddc28219effe80ae42f3a0661e0d687ec8f924e6989d43d2663a3a2b0c8f1e3d5a8a3c3a7ffdd26dc63cd333ef3edd33ef3cd5333f78a2675ebfda33dfbbd233af5dee95f6749e99302c6cdcab5f5570cd541836e95faa2cdf156d2f0c793d00ba87bf28175811c37612837a32f0c66cb5fc88ad108281504c067bb12b5792ba071ddd4f2c5f2c24d1b2a21fb41879bb69edfad64d9a8e412cbfe938b4f46517f5f87c018b0ccd83065f3028e67876728ed1e7568f0793d2696178e4c8117b26481472762ebfc73c7fe19039ffe0bda50d27f4197b952c44917de51a0a311287d5ab5d29b8587d4fe0a5c4994ce77ec2feb5a8d3b8ed543d003a0edf31a4ebe80e8b08bcc1ee5e81e623655bfa9401dae545823df9e43b9d3c5f6b2b666ffb20db4de4abfd8c94519b99e8aec46eaaee3cd1620cd4fca6e3d0d6175d37df29068b043dfb06c2304bfb7fbae097c53ff793d36961e8208178331383372ede6eae7ff2b079f481fbcceaea6a5946d7f2acf97482c81dbe182c8ef1b812503c9f09a7325bfdc7273131d620edf9c90ef555324fe7d7f93f4cc98f6ad76fd27a00741c0a844590a48019ffa6ec07deea956e052dc89a8f98ad2d2fc413a1efcef1604f69e7435f04a26d79c290fbe1edc6f23964135b386419ed3ec8fecf76d1b935b419032dbfe9384ce0cb2eecd533c4abe4fd02cd8366c290a0b701793ca032365f1acdcb767456184aa1777a7dd99e89959515ef9a70762e4ff3b97848f1d79449eb01d025b200a9eda8b562163e00006071e8ac3074824f0ac03a200c9b0061080000008090ce0ac3a5a5a540f43585ea6a3e170f084300000000cc8ece0a430000000000b0b740180200000000000b84210000000000b040180200000000000b84210000000000b07456182e2f2fab6d3681ea6a3e0100000000409cce0a43f2bfb1b1519e1d32cdf34f9d3a55a6359f0000000000204e6785e1c99327add07362cfa5e99a9f89b367d6bd3cb2d57c020000000080389d178624f64e9c3861d32e8fcee71f5e33cf7dea1ef3f2f0a0b979bd57e6d399d07c020000000080389d15864e0cd2d971e1ec8a79e1d387cdb7ae1c302613831c270c9d6de07363cbec74f6d73ef04b240034a53fdc2e7e4c5e940d46666734f0d3e247eaed0fd1173f3ebf3dec57b60ee6236a6bfd467c286d26ed2d7d33dcaeda1a0d64794eaaef5599f683faa91fdd2fcaf8b831ec58efc28ff4ef3d7563101b37979faacf9176c5b3ea0fcdb6e72b561fec076ae35030478a18613fa7e11c8bc58c49e9ac303c7efcb8595f5fb7228faedf78d217829c572e1fb436ae0e9d359fbb0f7ea20e80dda5088a8130a4c0e902a90ba2a3cc9689b46c711e9601545b9c998fa82d5d3b9f3c3fdee6b66acf1998816bcbb36724fa4e8b8cbeb8387c7b5f58e765dbe5d871a88c161ead6cdea81f03fdfe5d7eaa3e27e68bd3c4062c2cb57128ccf73fe3a24e2c664c41a78521e184211782f4eaf8d52b07ccb317ee368f9d59f504a1bbd67cee3e108600ec26b4208f865920948b3205c760d78b02682c60722159a0fa20982ddb5124a83fbe28f3db94e5a1bd24d56707ef7b66af0a148e5848bc747e3d1a29fdb2f74a42578cd35c523f06e13da66c9ad489d1c406ec0f943864a9e688fd12e2c5a5a67371723a2b0cfbfdbe15787426b83074bc75ad675efadc1de6d2b90f9576544717865c7c15d75b63e38e9d2df72f9937ccd64e91991de3cda2be7d15ed8eb1d9643ec76356c11de3cdc29fa36873b3f253b539691900fb0827dce82cc490158ce5b7700705cc98c80acb741f44651b083b2114a55f691fd497707f741ddd952ada28c55bfe4aa9d92e164fbb6bbfdfd58225ebce2b4dc6c09535b1695227962f6cec8e4ff1fcc49c048b0ecd05ed99177364a8c500317f8218343d9d16868e63c78e998be796cc8b9fbdcbbc1979a5ecec9c380c7d1602ab1486d9e1c4db26a50ab147d73151e776f4329b5c9ce57e0211a7eefc156dee6c990d4a7b7ff328ca787f92f500d82fb06fd681304c05577da10d5fbf36b36d2b0c6d7999a67bd05ffb925f2b0cb8af8830f4fa6efd578b84fe5ad95f486c5ba5dfaa8cea96c2b81c63bfeefc5237064e98495c9d547d4ee82b1f535e3f769d913d4f6d7e80c544ffbc12d53cd2bff0f239a6c7ad69e8ac3024912779e4f4fde6dae387cc8dcff7ccf7bfd0336f5fab84e1dada5a6947d7a14f2edaa48063e96267d0db95f3760b8bc38ac7841f57b7242ccb35a856c6d3a97a00ec0f3c412685617431a5002a8366449ca93e425baf1f0409b39430ccb022c206f0c82b5b8e107a3e4adf65fb417f88d4424265457b6c5c2b91c8cacb3af348c33108eab8fc547d4e535fc5b5b75b58103c3fb078c4bf24e614736440f343ce2731c7ec1c9236d3d1596178f4e8d152e4d1f9eb976e33e6999e79f7e99e79e7a99ef9c1133df3fad59ef9de959e79ed72afb4a7f354c2b0b0df28de275b016685a1dbc1e3d4fb89dbe6afacdb0b435e0f80fd81bf2817581143013616142980f2053c66abe5476c85f00a8462d0a68fb72b1741b769d69fb8304c8d912b2bdaa0c5c8db4d8bd59d279a8e412cbfe938b4f46517f5f87c018b482c0e71d81ca1cf74f28b0cf9ab8f2b6de8b4303c72e4883d13240a393b97df639ebf70c89c7ff0ded28613fa4c892d99ce2171a8bf3276d4f9e169e1c3139b93d603601fc2770ce93abac34201940554553465683e52b6a54f19a05d5e64a1279f7ca7b3cc1fe8419fdbc7fae3f521b64068fd8c94513b99e8aec46eaaee3cd1620cd4fca6e3d0d6175da7768ec0c211fd2c73fc79e4ffe9829863362669736e723a2d0c1d24106f6662f0c6c5dbcdf54f1e368f3e709f595d5d2dcbe85a9e439f526c458498fdfb3e773001265f27abaf92f3d7bc7a797ecdffa14ab5eb97e84fb21e00fb10260c2960c6bf295300ad445af54ab7821664cd47ccd69617e289d04598fc76ef7c4404a30dec553ba54f260c93fde1f56bc5635d19894bd9ffd92e3ab7863663a0e5371d87097c89e75f2f1ac03c93fc2c9784f388de24e4f180ca78fd26f3b21d9d158652e89d5e5fb667626565c5bb269c9dcbd37cde5aa4f86bcaa4f5005874b200597e8b9e9459f8000080c5a1b3c2d0093e2900eb80300400000000988cce0ac3a5a5a540f43585ea6a3e6f2d108600000000e8369d15860000000000606f81300400000000001608430000000000608130040000000000160843000000000060e9ac305c5e5e56db6c02d5d57c020000000080389d1586e47f6363a33c3b649ae79f3a75aa4c6b3e0100000000409cce0ac393274f5aa1e7c49e4bd3353f1367cfac7b7964abf9040000000000713a2f0c49ec9d3871c2a65d1e9dcf3fbc669efbd43de6e5e14173f37aafcca733a1f9040000000000713a2b0c9d18a4b3e3c2d915f3c2a70f9b6f5d39604c2606394e183a5bcde7fe00bf9402161bfb23f4daef1b0f46666734f0d33b23336036f687e8a33f5c9fc17c446daddf880fa5cda4bda56f86db555ba3812ccff17f7c3f765fda0feaa77e74bf28e3e3c6c8db9cfd8ff4ef3d7563101b37979faacf9176c533ef0fcdb6e72b561fec1bb4585122e7481123ece7349c63b19831299d1586c78f1f37ebebeb56e4d1f51b4ffa4290f3cae583d6c6d5a1b3e673f7d80d31869fd00320a4088a8130a4c0e902a90ba2a3cc9605de6c711e9601545b9c998fa82d5d3b9f3c3fdee6b66acf1998816bcbb3f721f1a72d0094af0b4e87dfae2facf3b2ed72ec3854460b8f56366fd48f817eff2e3f559f13f3c5696203169748acf0f0e788ff1917f327113326a5d3c29070c2900b417a75fcea9503e6d90b779bc7ceac7a82d05d6b3e770f084300f6025a9047c32c10ca45998263b0eb4501341630b9902c507d10cc96ed2812d41f5f94f96dcaf2d05e12eff360a48989cc5e15281cb19078e9fc7a94f90efa65ef95162faddd79a37e0cc27b4cd934a913a3890d587c681ed40b43fb25c48b4b72fecc7e3e755618f6fb7d2bf0e84c7061e878eb5acfbcf4b93bcca5731f2aeda88e2e0c0bc1b4b995fd3f3fc69b779a8d2d973266678bfd6be68dca8e0eb2cdcb360cab92e5935f768c37cbb6c663321c9bcdc05f91e7fab45579c8fba0f974edb37aec5eaabe4f5a0640c771c28dce420c59c118eca6d5055ebf4cf74154b681b0134251fa95f6417d09f747d7e57d16bb0cc5aba3d24729de8ab246bb583cedaefd7e576258d69d579a8c812b6b62d3a44e2c5fd8d81d1ff76c63f3152c1e340f62cfbb9823431e0344999b3f410c9a9e4e0b43c7b163c7ccc5734be6c5cfde65de8cbc5276764e1c863e0bb1b5b3653628bd994baf5218d934176ca4c78aba56d465828a76e1c82e26d4ca5dbabc7e20c85c79e6232f2bfae4fc057de03e39453d772fbc7fb24cb92fbd1e005d86edda05c2301660e381377cfddaccb6ad30b4e5653a17779a3024bf5618705f9e30e4b085c1faaf1609fdb532b3cfd2b6add26f5546754b615c8eb15f777ea91b0312651aae4eaa3e27f4958f29af1fbbcec89ea7363fc02242cf5e8f397c1ee95f78f91c8bf9989cce0a43127992474edf6fae3d7ec8dcf87ccf7cff0b3df3f6b54a18aeadad9576741dfa94422b91b682c989a99c5c0fba322efa881adf451def603b8b7a3d59c609cbcafeb5f459d503a0bb78824c0ac3e862aa05de8838537d84b65e3f0812662961986145840de09157b61c21f462940250b61ff487482d245456b4c7c6b51289acbcac338f341c83a08ecb4fd5e734f5555c7bbb8505c1f3038b09cd839a7934a0f921e7939863760e499be9e8ac303c7af46829f2e8fcf54bb719f34ccfbcfb74cfbcf354cffce0899e79fd6acf7cef4acfbc76b957dad3795785619176afa0ebc55886e24fb5f3d2b28c23cbf2d7dbed8521af074077f117e5022b62d84e62504f06de98ad961fb115c22b108ac9602f76e522b4b2692c0c5363e4ca8a7ba6c5c8db4d8bd59d279a8e412cbfe938b4f46517f5f87c018b0ccd83065f30e833edd9c939469fdbfa98d1864e0bc323478ed83341a290b373f93de6f90b87ccf907ef2d6d38a1cf94609269ba66822922ec481c56af84eb7ccb5dc6981def43aa8cf9f3fa37693d00e604be6348d7d11d16117855d194a1f948d9963e6580767991604f3ef94e67993fd0837eccdef6c1b5cbfb105b20b47e46caec22c477495375e7891663a0e6371d87b6bee85a7bfd0f161f7af60d846196f6ff74c12ff3e3c16ce8b430749040bc9989c11b176f37d73f79d83cfac07d667575b52ca36b790e7da6049392b6a2c91d2cdffecd9e3b2a515566abaf88333c7fd951fb2a39e533bfceff714b7e54bb7e299fa97a00cc0914088b20490133fe4dd90fbcd52bdd0a5a90351f315b5b5e88274217613cd853daf9882c0236b057ed943e3d61c8fd8876797d55248b85245946e252f67fb68bceada1cd1868f94dc761025fe2f9ebcf102c1e340f9a094382de12e4f180cad87c69342fdbd159612885dee9f5657b26565656bc6bc2d9b93ccde7e220c55f5326ad074017c902a4b6a3d68a59f8000080c5a1b3c2d0093e2900eb80304c01610800000080389d15864b4b4b81e86b0ad5d57c2e0e108600000000983d9d15860000000000606f81300400000000001608430000000000608130040000000000160843000000000060e9ac305c5e5e56db6c02d5d57c020000000080389d1586e47f6363a33c3b649ae79f3a75aa4c6b3e0100000000409cce0ac393274f5aa1e7c49e4bd3353f1367cfac7b7964abf9040000000000713a2f0c49ec9d3871c2a65d1e9dcf3fbc669efbd43de6e5e14173f37aafcca733a1f9040000000000713a2b0c9d18a4b3e3c2d915f3c2a70f9b6f5d39604c2606394e183a5bcde7aeb1b165765affa2087e85048049e80fb78b1f9317658391d9190dfcb4f8917afb43f4c58fcf6f0ffb95ad83f988da5abf111f4a9b497b4bdf0cb7abb64603595ed0b6dd92d48fee17657cdc1876ac77e147faf79eba31d0ee91e7a7ea73a45df1acfa43b3edf98ad507fb86dacf2c9f23458cb09fd3708e4563c6847456181e3f7edcacafaf5b9147d76f3ce90b41ce2b970f5a1b5787ce9acf6e016108407b8aa01808430a9c2e90ba203aca6c59e0cd16e7611940b5c599f988dad2b5f3c9f3e36d6eabf69c8119b8b63c7b4ecb763dfc767d619d976d9763c7a1325a78b4b279a37e0cf4fb77f9a9fa9c982f4e131bb0b8b4ffccd297d4eacba0983fd19831399d16868413865c08d2abe357af1c30cf5eb8db3c7666d51384ee5af3d92d200c01680b2dc8a3611608e5a24cc131d8f5a2001a0b984c04ba3cd507c16ce95b3eb3a1fef8bb777e9bb23cb49744fadcb25d1fb19078e9fc7a3452fa65dba4c54b8cd35c523f06e13da66c9ad489d1c4062c3e340fea3fb3f459f777f4e5fc99fd7ceaac30ecf7fb56e0d199e0c2d0f1d6b59e79e97377984be73e54da511d5d1816426c935efbe6c778f34eb3b1e552c6ec6cd1bf66de3094456565ddcd7156383663357fcb6c44455ed866dec6346500ec539c70a3b31086143cc3d7297581d72fd37d10956d20c88460937ea57d505fc2fdd175719f6ddbf5a1b2d842e2ae657d278665dd79a5c918b8b226364deac4f2858dddf1a19d5922f60cc1e241f3a0e6333bac624050e6e64f100ba6a7d3c2d071ecd83173f1dc9279f1b377993723af949d9d1387a14f125b566165422e4b93a8e382cba6c766d35d8f37cbba7932919f1486b691bc4def6f11b5fe14ed27eb01b01f61bb7681308c05d878e0f55fcd10cd6c5b0b342a2fd3f92b244d18925f2b0cb8af5d1286b6ad72fcaa32bacf52189763ecd79d5feac6c0093389ab93aacf097de563caebc7ae33b2e7aacd0fb088d0b34f7d66f9fcd1cb72623e26a7b3c290449ee491d3f79b6b8f1f32373edf33dfff42cfbc7dad12866b6b6ba51d5d873ea5784ba5e99a893427d092f99a700bf3e36292a753f500d87f78c2480ac3e862aa05de8838537d84b69308342b226c008fbcb2e5903f2e140a2669d72f8b2d245456b4c7c6b51289acbcac338f341c83a08ecb4fd5e734f5555c7bbb8505de73058b0bcd839a7934a0f921e7939863760e499be9e8ac303c7af46829f2e8fcf54bb719f34ccfbcfb74cfbcf354cffce0899e79fd6acf7cef4acfbc76b957dad3797a6198bf62a6dd4477767ef4fc50c8e9f9fc3575aafd543d00f61ffea25c60450cdb490ceac9c01bb3d5f223b6429005822d19ecc5ae5c04d566aa76c542122d2bee9916236f372d56779e683a06b1fca6e3d0d2975dd4e3f3052c32340f1a7c66ed97456e27e7187d6eebe34a1b3a2d0c8f1c3962cf048942cecee5f798e72f1c32e71fbcb7b4e1843e53424c49d3eb5bfb7785dc86e7bb9d432226eae89abdaeb6af84f9ebe258fba97a00ec73f88e215d47775844e00d76d90a341f29dbd2a70cd02e2f12ecc927dfe92cf3077ad0e7f6d3b4abda47caec22c477495375e7891663a0e6371d87b6bee85afff302b0e8d0b36ff699b56f1d625fd66c6cd0e6dce4745a183a4820deccc4e08d8bb79beb9f3c6c1e7de03eb3baba5a96d1b53c873e53424c4be7af6f0dfb9bc29c7cf7cecf97a2cebf1ed3bf5a298e6ad72fd57eaa1e00fb1c0a844590a48019ffa6ec075e1b5cdd6e63012dc89a8f98ad2d2fc41311b62d833da59d8fc82260037bd54ee9530ac956edcab2d8c221cb68f741f67fb68bceada1cd1868f94dc761025fe2f9e355f27e81e641f3cf2cbd49c8e30195b1f9d2685eb6a3b3c2500abdd3ebcbf64cacacac78d784b373799acfb64cff777d52fc3565d27a00ec27b200c985d344ccc20700002c0e9d15864ef0490158c7cc84a17d65ecfe71c9a4401802000000607ee8ac305c5a5a0a445f53a8aee6b319c5abe2990833084300000000cc0f9d15860000000000606f81300400000000001608430000000000608130040000000000160843000000000060e9ac305c5e5e56db6c02d5d57c020000000080389d1586e47f6363a33c3b649ae79f3a75aa4c6b3e0100000000409cce0ac393274f5aa1e7c49e4bd3353f1367cfac7b7964abf9040000000000713a2f0c49ec9d3871c2a65d1e9dcf3fbc669efbd43de6e5e14173f37aafcca733a1f9040000000000713a2b0c9d18a4b3e3c2d915f3c2a70f9b6f5d39604c2606394e183a5bcd279806fc1a0be806fde176f163f2a26c30323ba3819f163f526f7f88bef8f1f9ed61bfb275301f515beb37e2436933696fe99be176d5d66820cb0b143f762c8abc0af9c3fca91fdd2fcaf8b83172ffb3ff91febda76e0cb47be4f9a9fa1c69573cabfed06c7bbe62f5c1be418b1525728e1431c27e4ec339168d1913d2596178fcf871b3bebe6e451e5dbff1a42f0439af5c3e686d5c1d3a6b3ee70729c2ba20ca200c4117288262200c2970ba40ea82e828b36581375b9c876500d51667e6236a4bd7ce27cf8fb7b9adda730666e0daf2ec39b1767d48c885e2d3b7f785755eb65d8e1d87ca68e1d1db9a2feac740bf7f979faacf89f9e234b1018b4b245678f87384bea4569f6b317fa23163723a2d0c09270cb910a457c7af5e39609ebd70b779ecccaa2708ddb5e6737e803004408316e4d1300b847251a6e018ec7a51008d054c2e240b541f04b3a56ff9cc2614627e9bb23cb49744fa5cdb2e11bb5fb19078e9fc7a3452fcd93669f112e33497d48f41788f299b26756234b1018b0fcd83587caae6087dd6fd1d7d397f663f9f3a2b0cfbfdbe15787426b83074bc75ad675efadc1de6d2b90f95765447178685b0d9dccafe9f1f3b5bd5bf5ede1c1799748c37b3bc0db395198e37990f32dad9321b8a2fb2dba00ac5c17ddfb951d9659666d3e6173eb6aa86f33a94cf8ef158a4b75af5abbe1f9c54fd49cb0098114eb8d15908430a9ee1eb94bac0eb97e93e88ca36106442b049bfd23ea82fe1fee8bab8cffa76f33cddb75c3878da5dfbfdaec4b0ac3baf34190357d6c4a6499d58beb0b13b3eb4334bc4e62b583c681ec49e77314786550c08cadcfcd162c194745a183a8e1d3b662e9e5b322f7ef62ef366e495b2b373e230f459082e2ba0b2b4154999980976c00a9143f924b8ac48cccbf2a4b361be0a55598a219b1602d0b59395e576850fe73f5547f1d1a85fde3dc6fa51a42d75f55959d0df583d006601dbb50b84612cc0c603afff6a866866db5618daf2329dbf42d2c41bf9b5c280fba2ba8d85a1b2035ae22f24b6ad72fcaa32bacf52189763ecd79d5feac6201b7b155727559f13facac794d78f5d6764cf559b1f6011a167afc71c3e8ff42fbc7c8ec57c4c4e678521893cc923a7ef37d71e3f646e7cbe67beff859e79fb5a250cd7d6d64a3bba0e7d0a61945109aa0c2b74dcc1c510133f4ef804be12696f97ae38aca84bf968e2bf49bfd83d46fb51d926ebab7d70e9543d00a6c7134652184617532df046c499ea23b4ad1768619b5644d8001e7965cb217f5c2814d4b64b63e2f583935a48a8ac688f8d6b2512597959671e693806411d979faacf69eaabb8a631f7fc66449f23582c681ed4cca301cd0f399fc41cb37348da4c476785e1d1a3474b9147e7af5fbacd98677ae6dda77be69da77ae6074ff4cceb577be67b577ae6b5cbbdd29ececd84217b556c4593135a945fd9d1eb61da597367dd5722edf9e6a47cd4f96fdaafd83dc648d44ff629550f80e9f117e5022b62ea76ca78e08dd96af9115b21c802c1960cf662572e826a53d32ea5e37ec542122d2bee9916236f372d56779e683a06b1fca6e3d0d2975dd4e3f3052c32340f1a7cc1b05f16b99d9c63f4b9ad8f2b6de8b4303c72e4883d13240a393b97df639ebf70c89c7ff0ded28613fa24f1426f3b0b11c585126d6fc55e83527a676cc6d942a48ba2bab468b7a4ae4eca7f46b45f917b946525b2dd54fd589f52f50098316c67cb5e2777ca584095bb6c0ecd47cab6f42903b4cb8b047bf2c9773acbfc811ef4b97db2dd98e07568fd8c94d94588ef92a6eace132dc640cd6f3a0e6d7dd1b5fee70560d1a1671f8915621ed9b70eb12f6b363668736e723a2d0c1d24106f6662f0c6c5dbcdf54f1e368f3e709f595d5d2dcbe85a9e439fb990198fab17aad58e56bec3658f406ce5af4533e3329d16494ada0a2576d4be4a2eda2c6dc37499a7f44bbfc78cda7ea4eaa7fa5bd32e00b38402611124eb77caaac06b836bf6d9e6d082acf988d9daf2423c1161db32d853daf9882c0236b057ed943ea5908cb62bdb9488852459462253f67fb68bceada1cd1868f94dc761025fe2f9e355f27e81e641ec731bce237a9390c7032a63f3a5d1bc6c476785a1147aa7d797ed99585959f1ae0967e7f2429f52d83487045817854ed8afc9ef3167d2fad3b60bc0246401920ba78998850f0000581c3a2b0c9de09302b08e990b43da652bff71478750fb05610800000080c9e9ac305c5a5a0a445f53a86ee8b3ad7871af97bb267852fd823004000000c0e4745618020000000080bd05c210000000000058200c01000000008005c210000000000058200c01000000008005c210000000000058e646187ef0c7ef32ffe2be25f3e2878f983f7bf0b8f9d38ff4cdf8c4fde69fffddbf630eddf5636a1d0000000000d09cb910860fffd44f9a3f3cb36ebef150c6837df38d33c7cc374e1f357ffec0aaf9f38d15f3d5e3f79b87fed607d4ba0000000000a0199d17860ffce421f38d9f3b6176fedef15c189228fcc85a260c8fe4c2f0c3240e97cd9f9fb8cf3cf8c19f507d0000000000807aba2d0c7fe26f98cffca353e6462604ad302c760b5ff9d847ccefff930f9bdf7df45ef3bb8ffc8cf9bd477e36e367cc6f3efcd3b5af9537f29f0da98ef1a6574ebf3fec8e9dad0daf2c67b77ee503bf1e024013fac3ede2c7e445d960647646033f2d7ea4defe107df1e3f3dbc37e65eb603ea2b6d66fc487d266d2ded237c3edaaadd1409617c4fcd4fa4ffde87e51c6c78d61c77a177ea4ffd6e18f75358f681cba789fb17e55f97c9e72b687c316cfb6c9fd1773c56b439b6fa0115aac2891cfa398b7f65986cf211a3326a4d3c2f0ae41dffcf4538f98ff72f25ef37f4e67e2f0e37fdf7c63fbabe63ffcd737ccaffdde1be69b7ff6fbe63bbf79dabcfe9f7fd6bc355e366fffcefde6977ff16fabbe885c148ecd26cbb342d089c38d2db3b5e9ca62422d25e0a61177108600d45304c5401852e07481d405d15166cb026f7f68866500d51642e6236a4bd7ce27cf8fb7b9adda730666e0daf2ec39b17663d71c3fdf17d679d97639761c2aa385472b9b43ecd88a45b47cceb1b1bbd5347ba67a5e9e6ef66c63ed7034ff34e775e10962446285873fd624fe2b112e9e4334664c4ea785e18ffdebb3e6c7fedd79f3f82f9e367f78e23eb3f3d257cdcf3ffda6f9f0d537cdc69537cdc79e7ad3bcf6cd3f30e67f1e2b386afef43fdeabfa22d1b72344610efdf6b026c862f9108600dc2a48d48c86592094c2908263b04051008d054c2e240b541f04b3a56ff9cc86fae3ef9af86dcaf2d05e12e973ac5dea331b0b5a40c2dd03b19078e9fc7a3452fa65dba4c54b8cd35c922fc6f19d1539465d21d62f2d5fe6b579b64dee5fb1d90551b27fa0f18c8d5d35d6f459f7c5b77c0e4d9e5d3bba2d0cbf78cedcf1ab9f303ff1ec39f36b8f6e987fff7b6f94a2f0e4bfca79e177df30effed18399285c33e66b47cdfffbfd55d5d79db435285e1b3ba8287c6d4c424d13928580db24a1991f795dca67876d2bb41d6ffaafb3ab76210c0148e2849b104304054f5d10a502af5fa6fb202adb40d809c126fd4afba0be84fba3ebe23ee3ed72811bbb5fca8f2d24ee5ad6757e65dd39a556c014f739203bda490b7768486095affeacbfdcce7f9517faa1327a7eced67b8e9e9f26cf2e952ff35c9ace75cf56f327d16c84e08e8e0b0891cf459665633dac624050e69e431083a6a7d3c2f0af3ffb98f9ebbffa71cbc7ae3e668521178527fea513860f595168be762413862baa2f2bc622c290caa430d4c5225108c09d2db341e9fc5d742120a5b8d36c99df645d004005134081308c05d878e0f55fcd10cd6cdb0a435b5ea6f345d46f37a7140edc572361985db3c5382e6cab85c4b6558e5f55e6ed369663ecd79d5b823923a1fbccc6d0d978cf2d2fabc63f4ffb62c88d91e687d50dfcb2b1cdcac2b951f85391cf45f863e9fa672beb6a68365c1852796c5c40088d971e73dc58d2732ec75329cb89f9989c4e0bc31fbdf273e6fdcfff43cb8f3e7fcefcd61ffe0ffbfad889c27ff0cb6f9afff647f42a39df2d2461187d954c22ac9130a457c831514868e2cfa5536575695906007078c2482ef2ea824a68813722ce541fa16d6b6198518abe6c91545feb71ac700817d368bb622ce2af92630b099515ed315f951f565ed69943ac48492da0f23e795a9429bee2e395485b3ffcb964787349d8d7e6d7b4957cb6b176389a8df8c2161d171042e3199b93c558db9d6739e6e239d8719736d3d16d61f8f8aaf9e1e71fb3bc2fe3ee5ffba7e6d7fff48fec2e21f19ffed7d7ccfffd838f96a2d07c6dd5fcdb7f768feaabd9df18c6feae90d346dcb549cb32008043dd35b10b1d5b98827a32f0c66cb5fc88ad108281604b06fb660ba56a1369b75ea8126221899615f74c8b5129365375e709bab7d4d8cbfbe46951365361189f2b39b27e2a3fd576ddb38db5c3516cf83d4018b684c633f6fcd958db2f8bdc4e3e87bab9dd9e4e0bc33bfee68f9b1f7ee2acf96bbff2f396db7fe551cb075ef8c7e6035f1a98277efd239e28fcf657ee371ffcc05daa2fc2beb975af752df9ee60b99318dd554c09b8a665756959060050a105c82d6e741d08218708bcaa68cad07ca46c4b9fca42990af6e4b35c9479fe400ffadc3ed6aef0490b71b823a9f5335246fe32d15df948d59d338a7bf316d06c5cf57f95ccd35a19f3939c13757eb5e7c591f553f9a9b63292cf36d60e47f3cfc753a4a3e312bbde6fd0bd4762851817fbd64115f419769c673b869d1686c48f1ef929f343991874dcf6c547ccc12f7eccfcf8b31f356ffdf763a528bcf9b515f3d107ea7ffd84ffc38ffca8c45858e65e29a7049c9f2efe8cb0109869dbb45f00800a05c2224852c08c7f53f603af0daed9c2c5a14552f311b3b5e5c5024b846dcb604f69e723b208d8c05eb553fa14a22fd6aed75755248b85245946bb0fb2ffb35d746e2962aca38bad9756c6c0f313abd7202dfb133c3fa5ed687e5ddba9674bd7ac1f19a16095364abf1a8d4bec7abf41f71e8909cab8d097be7cbe52991b6339ceb3a1f3c290207178fbbf79d8bcf7b98f95fcd6f824db29bcaf912854b1af98e980280360bec80224174e13310b1f0000b038cc853024ec6be58f2f9b1f1a7ec42c7ff161f3dddf3962fef7977fc6fe4d61eaf531000000000068c6dc08430000000000b0bb40180200000000000b84210000000000b040180200000000000b84210000000000b040180200000000004b6785e1f2f2b2da6613a8aee6130000000000c4e9ac3024ff1b1b1be5d921d33cffd4a953655af3090000000000e27456189e3c79d20a3d27f65c9aaef999387b66ddcb235bcd27000000000088d379614862efc4891336edf2e87cfee135f3dca7ee312f0f0f9a9bd77b653e9d09cd27000000000088d35961e8c4209d1d17ceae98173e7dd87cebca01633231c871c2d0d96a3e67cba619efc5ef2b6f8eed2f399b9d2db3a195ef297b74cf0024e80fb78b1f9317658391d9190dfcb4f8917afb43f4c58fcf6f0ffb95ad83f988da5abf111f4a9b497b4bdf0cb7abb64603599e53d7f7e8b8247f74bf28e3e3c6b03e77e147faf79eba31d0ee91e7a7ea73a45df1acfa43b3edf98ad507fb81da3814cc912246d8cf6938c7623163523a2b0c8f1f3f6ed6d7d7adc8a3eb379ef48520e795cb07ad8dab4367cd67c83442675a91d4a43ed91833ded4ca6e051086e0565304c5400051e07481d405d15166cb445ab6380fcb00aa2dcecc47d496ae9d4f9e1f6f735bb5e70cccc0b5e5d9336afb4e79dab8b8b2cade179079d97639769cc2a7dae779a37e0cf4fb77f9a9fa9c982f4e131bb0b0d47e96c37c1292958014756231630a3a2d0c09270cb910a457c7af5e39609ebd70b779ecccaa2708ddb5e633641e84619784188421b8b5d0823c1a6681502eca141c835d2f0aa0b180c9856481ea8360b66c4791a0fef8dff8fd366579682f49f5d911f63d3a2e16b19078e9fc7a3452fa65ef9584ae18a7b9a47e0cc27b4cd934a913a3890dd81f2871c852cd11fa6cfb3bfa4de7e2e4745618f6fb7d2bf0e84c7061e878eb5acfbcf4b93bcca5731f2aeda88e2e0c37ccd64efe56968ef126891c768c37331b297c447a632b4be5c7ced656b42c73663679fdadaaa59d2dfa17d35adb859f12df26af97e57bedf0ddc4bcadf1984aa9fda2edcdca9e6c37d820943e3dc27a95dda46500cc0027dce82c04901546e5b7700705cc98c80acb741f44651b083b2114a55f691fd497707f741d157aacef8971a9ec630b89bb163ecb054bd69d579a8c812b6b62d3a44e2c5fd8d0732b5e09067f8600161c9a0bda332fe6c8508b0162fe0431687a3a2d0c1dc78e1d3317cf2d99173f7b977933f24ad9d9397118f8a4bfd50b045821666242d04bd37525c47281c5cb58bdacad5c14e575ca76eddf0b0ad158b6a5216dfc3ee422d1ef9f2fd46c46feb789c5df2a96e55e5f38a29ed286ef93df4fac1e00d3c2be59070228155cf585d67f354334b36d2b0c6d7999a67bd0ffa688fc5a61c07d4584a1dff7d4b838fc85c4b655da5565e4b714c6a52fbfeefc52370624ca345c9d547d4ee82b1f535e3f769d913d736d7e80c5248c438e6a1ee95f78f91cd3e3d63474561892c8933c72fa7e73edf143e6c6e77be6fb5fe899b7af55c2706d6dadb4a3ebc067b1d3e6ef62919891c22b92a6fade3f001165248af851bb0329cb34848d6dc71773a4cd72a1986aab493a9edfac8d543d00a6c3136452004517530aa0326846c499ea23b4f5fa4190784b09c30c2b226c008fbcb2e5903f2e143c6afa931486b18584ca8af658fd4a24b2f2b2ce3cd2700c823a2e3f559fd3d457714d63eef9cd98f1ee0fe822f12f8939c51c19d0fc90f349cc313b87a4cd747456181e3d7ab4147974fefaa5db8c79a667de7dba67de79aa677ef044cfbc7eb567be77a5675ebbdc2bede9ac0ac302f72ab5b598aa1586b1ddb7987f59a6216c6e8930cc5fc1b71786bc1e00d3e12fca0556c4b01db3a01e0550be80c76cb5fc88ad108281500cdaf4f176e522e8365a7fa8add8b848bbd418b9b2a20d5a8c4a1fa9baf344d33188e5371d8796beeca21e9f2f601189c5210e9b23f6cb62ea8b0cf9ab8f2b6de8b4303c72e4883d13240a393b97df639ebf70c89c7ff0ded286a3f9749038ac5ef526c48c7d55ca854f5516be4a96bb912e9ffbe76959a6a1d567fdf38462aaadbab4bc66f7d2b88d543d006608df19a3ebe80e0b0550165083ddbd02cd47cab6f42903b4cb8b2cf4e433106d943fd0833eb78ff587c3c7c543eb67a48cdac9c46525765375e7891663a0e6371d87b6bee83ab57304168e269f65318fec5b87d897351b93b43937399d16860e128837333178e3e2ede6fa270f9b471fb8cfacaeae9665742dcf814f2bf2dc51099632dbfb3bc0e2188f7d21c4cad2fff8243b6a5f252b6d07c8fa195e3b71dfedd2e175fe8f58f2a3daf5abf7a1d70360863001440133fe4d99026825d2aa57ba15b4206b3e62b6b6bc104f44d8b6dfa65bf873fb8860b481bd6aa7f4c98461b23fdccfb4c2d0ee3ec8fecf76d1b935b419032dbfe9384ce04b3cff7ad100e699469f65651ed19b843c1e5019afdf645eb6a3b3c2500abdd3ebcbf64cacacac78d784b373799a4fd00429fe9a32693d0026250b90aa106ac32c7c0000c0e2d05961e8049f148075cca7302451258f5bf51a16c210000000d8af7456182e2d2d05a2af295457f3099a006108000000ec573a2b0c0100000000c0de02610800000000002c10860000000000c002610800000000002c10860000000000c0d25961b8bcbcacb6d904aaabf9040000000000713a2b0cc9ffc6c6467976c834cf3f75ea5499d67c020000000080389d1586274f9eb442cf893d97a66b7e26ce9e59f7f2c856f3090000000000e2745e1892d83b71e2844dbb3c3a9f7f78cd3cf7a97bcccbc383e6e6f55e994f6742f3090000000000e27456183a314867c785b32be6854f1f36dfba72c0984c0c729c3074b69a4f958d2db3835fec9811f8f513b0fbd81fa1d77edf7830323ba3819fde199901b3b13f441ffde1fa0ce6236a6bfd467c286d26ed2d7d33dcaeda1a0d64798ede9f2675533fba5f94f17163e43ff83ffb1fe9df7beac640bb479e9faacf9176c5b3ea0fcdb6e72b561fec076ae35030478acfb9fd9c86732c163326a5b3c2f0f8f1e3667d7ddd8a3cba7ee3495f08725eb97cd0dab83a74d67cce2ff322b8200cc16e5304c5401852e07481d405d15166cb445ab6380fcb00aa2dcecc47d496ae9d4f9e1f6f735bb5e70cccc0b5e5d93312fda9ad2bdaf585755eb65d8e1d87ca68e1d1cae68dfa31d0efdfe5a7ea7362be384d6cc0c212fd2c73fc7c129295801475a29ffbc9e9b430249c30e442905e1dbf7ae58079f6c2dde6b133ab9e2074d79acff905c210008216e4d1300b847251a6e018ec7a51008d054c2e240b541f04b3653b8a04f5c7ffc6efb729cb437b49aacf0ea5ef96585db19078e9fc7a3452fa65ef9584aed6d6bc513f06e13da66c9ad489d1c406ec0f529fe53cdf7e09f1e252d3b938399d1586fd7edf0a3c3a135c183adebad6332f7dee0e73e9dc874a3baaa309c3ad1d63c69b2c6f736cccce96d99062c6be5a76c7d86c6679645ad555ecc79b4599c6866ddb1db91f29a0785ada53193b5c5b5e3f95fe6d56e554b6c19cee6cb17fb5addcaff3311e5389cb7384fe2b7f939601d00027dce82c84a1158ce5b7700705cc98c80acb741f44651b083b2114a55f691fd497707f741ddd9552ee2be88b83ec630b89bb963edd8225ebce2b4dc6c09535b1695227962f6cec8e4ffe4a30f83304b0e0d05cd09e793147865a0c10f327fab99f9c4e0b43c7b163c7ccc5734be6c5cfde65de8cbc5276764e1c063e737557a62bb15708162bcaf8755ec78a175e97f2e8035c881a125c7181938bbcb05cb4c3d3a29f717bd7ff0cefef24f3b2acd14cf46669f26793451f6cda1780c1fd163ef4fb12fe6bdbe66dc5ea015007fb661d08c35470d5175affd50cd1ccb6ad30b4e5659aee41ff9b22f26be30af7151186b2ef6a5d0f7f21b1f6a5dfaa8cfc96c2b81c63bfeefc523706d9f8a9b83aa9fa9cd0573ea6bc7eec3a237be6dafc008b4918871cd53cd2bff0f239a6c7ad69e8ac3024912779e4f4fde6dae387cc8dcff7ccf7bfd0336f5fab84e1dada5a6947d7a14f12264ca4388162f30b812276e1ec41228df20bfbcd71664bbb5e364dc22f216eac3fb9e346b03665bae8832fca84bde237d7938a6d83b6bcc38a5259871396356b3b550f8034b4109701540ac3e8624a015406cd8838537d84b65e3f08126f2961986145840de09157b61cf2c78582475c585aa275530b09951575d8b8562291959775e691866310d471f9a9fa9ca6be8a6b6fb7b060c6bb3fa08bd47c96dd1c19d0fc90f349cc313b87a4cd747456181e3d7ab4147974fefaa5db8c79a667de7dba67de79aa677ef044cfbc7eb567be77a5675ebbdc2bede9ac0bc36a77cfdfe56382252ae49c00cc6c4b4198d9917d293015a2fe52022ac7bdfa5505d74c856193fea5caf25dd1f6c290d703208dbf2817581143013616142980f2053c66abe5476c85100c8462d0a68fb72b1741b749dd67855e572c24d1b2a20d5a8cbcddb4fa76bb4fd33188e5371d8796beeca21e9f2f601169f2596673c47ee14b7d91217ff571a50d9d1686478e1cb16782442167e7f27bccf3170e99f30fde5bda70349f560865826e4ca2aecc97e2457f856ac5242d464519a5c7e3aca6625b918b9fd0468822fbca958ba69c4ac06a828bd5f7049e661b4be77ec2feb5a8d3b8ed543d005ac0770ce93af90a9505d46077af40f391b22d7dca00edf2220b3df9e43b9d65fe400ffadc3ed69f585d6e13cd57caa89d2cce55623755779e6831066a7ed37168eb8bae533b4760e1887d963dfc79e4ffe9829863362669736e723a2d0c1d24106f6662f0c6c5dbcdf54f1e368f3e709f595d5d2dcbe85a9e359f4e90658a8ae5093163050b3b9cadcd97765c04c5c805913b7c31581c99c02cfbc0f399702ab3bdfeb883f72325ce94b47abfa93af975fe0f53f2a3daf59bb41e002d60c2900266fc9b3205d04aa455af742b6841d67cc46c6d79219e087d774e7ebb773e2282d106f6aa9dd2271386d1fec4ea7a8885245946bb0fb2ffb35d746e0d6dc640cb6f3a0e13f812cfb05e34807926195b4ac279446f03f2784065bc7e9379d98ece0a4329f44eaf2fdb33b1b2b2e25d13cecee5693ec12c90e2af2993d60320461620cb6fd193320b1f0000b0387456183ac12705601db7461892e891c7a2be268530040000001695ce0ac3a5a5a540f43585ea6a3ec12c8030040000001695ce0a430000000000b0b740180200000000000b84210000000000b040180200000000000b84210000000000b040180200000000000b84210000000000b040180200000000000b84210000000000b040180200000000000b84210000000000b040180200000000000b84210000000000b040180200000000000b84210000000000b040180200000000000b84210000000000b040180200000000000b84210000000000c8b8d3fc7f25eb1c55154870de0000000049454e44ae426082);
INSERT INTO `record` (`username`, `name_blob`, `type`, `data`) VALUES
('yongyong', 'howcuttingdo.jpg', 'image/jpeg', 0xffd8ffe000104a46494600010101006000600000fffe003b43524541544f523a2067642d6a7065672076312e3020287573696e6720494a47204a50454720763632292c207175616c697479203d2036300affdb0043000d090a0b0a080d0b0a0b0e0e0d0f13201513121213271c1e17202e2931302e292d2c333a4a3e333646372c2d405741464c4e525352323e5a615a50604a51524fffdb0043010e0e0e131113261515264f352d354f4f4f4f4f4f4f4f4f4f4f4f4f4f4f4f4f4f4f4f4f4f4f4f4f4f4f4f4f4f4f4f4f4f4f4f4f4f4f4f4f4f4f4f4f4f4f4f4f4fffc2001108018a032003012200021101031101ffc4001a000002030101000000000000000000000000010203040506ffc400190101010101010100000000000000000000000102030405ffda000c03010002100310000001f320200030a0000000000600008c00028600000340000298000034c3b5c7edf9bb722a0f47100d4602000c0a001800d485a2eab9fa7334fa7940286980163130001a60023028001a0600008c4e800000000000434008239c079fd003a00000000062698000d340000298000034d00000a60000300e8c3a1c2f2f600f5f00018080030000a61a66aadab173f54ea0e9e41a2e5814340c041a2980000c0068460500000313001068188a62000002040a0239e079fbb02800000001a626000034d00001d00000834c00002980000f4e6ebf2e91e5595dcb03ae00060200034c1be84ed09e7cd3ab41bf2300004627400313002c1a6000340c00684605000000d031031031031000002005181a7c7b80000000000d3000004600000d3a00001060000014c0000b3b192bf376c607a78b02c001800020d4d7767ddc9cfa869efc800313001068181400313002c626000340c00011898014000000000000080104084b89871ec000000000c04c000011800050d30000046000004810ca430edf1bb7c2f37600f4f16058000d30010dd8bad9f463ca1ae40170c00681800023130028681800058c4c00000620600008340c40c40d00021a05108014b900e5d400000000018000034d00000a1a6000008c0000e8d176fc75e52ea19bcd7d59d7265d4998b668d167061d7899785e979d672df539bac449c759d175fcfc7aa97acd79b201ac8d30001a6002000c4c00a001898016310300000001a062062062000004008014a023281cba80000000c40c00001a68000050c000001187426b9e7a7d1cfa70fb9a1e379e7612bb2a7bc5af3d766c78ab2bcf868c74ead9c5df8d6f9e1c9bcf625c299ea601d39d57f94ede37e72bd597d3e500b189800313001000626005000340c0b0001a06206206206206200004000a5014084b99873e80000000000c00001a68000050d30001aef66d7da8d9e4f63a6e72ceb15ccd57296702773921a7274c99eccd5cbd754d6b63ceba54e58652d29d7a0b68b7bf0f35af1efe1df9b8ba793d7e3ce6c95984d41986b590018980080031030280000068188b1881881881881a0800504008810940514018e800000003103000041a600001434c0034fa3c1b3c9e9d3657672ecc15cc210cbcbb6c962b4d3764bfa62ccf7d1ac61cfaf076c522a86ea8cbb1e69c4d56577f771af49d92af9e94a996756dd416593a496c132193a0f7cfcd51ebf27a3879b76d3df8b010001a0620605000000000000000020014340084a028102d2063600000000c00000df181fa27cf7e70e8f3ba600350698007a7907cff006e8b73df372848d67cdc7a7c2e93a1a707438f5d33aefcead68ebcb3f17d079fe9ce9a279fae2d9278d48a34946bc9d45db123c3a4e75d90dbba2b94e6573b257354ecb359a1df2d673cec95993cd7b08f5e7e15f5395e8e2c458c0400000000681881a0000010d0002501002801288515819d80000000310ecbbd0f2dd1d28dbe6ee46c965978fdf5db3e1cf575fa38f987ea312713568e96752941f93d0f573efcf5d72cef4b391d3b3b4e7746675cb75cf64ea9438866e0e27acaa63ca436f3ef27a332b375dcebf3ad57f3897a76f2679757472ad97ad6f291dbb39549dd9f9db2cefbf3e5cfa07c08cbe85714cdd9cfb5f3eb41a1d66af73b3938fd1cf7cbc99dee2fabcf588de188188001001404340080014021442940510026800000003553e8f96e76bafc7ea7383d66ebb2d869212d66528486e32b08c8b01bd2183a7197cf6aba4f416427df326deb2a12a963438e7bcaccd25d4ab9de74e2df46672a5aa5c79659ebb233cbab0b8e06b2d8ba8bad4e0ebea26b04f46acda2ae8499e2d7dc8b5ce8f4dcb8acd31e773ab6ae7d6728ce9ccb7a622ee5d39d355979e321dbe1fbfc6c46b2c40d000002000804020510a50102096204a0000035bb377efaa7f3fd736a9e99b1c26162b225642e094248e7096a124ec148a213133e5bb3efd37ca16769213b9a797ab8fcf76acce6f5eac3d1d6ef2d9b9e6cdb31db8851e5c7468c13e6d6e959ddd3cc65aca146ab33599b7144a5d32cb38baccb2b34cb34f58b60119f9fb395a6c79cbab956ab4db96de7bd5a33dd891f2fe9b3faf8700d397dbe362359008000100095a0042940400a510a001400000eff001bbbc3aceda0f376b724aba9bc92d5db7f3ede7adb7f3edcddd660b24d72ccf734cf24ae74bcaecd2652b29cbd7d7bf42554bb49cea95cc799d59e33e717a35671fa536dcd4a3acd19f7679d7890b6ae7caaaf6e073bacc46a6c785c6f314a5d0f33354a7d2e5ae2bef5f2f02fecacde457ae32ebbead1e5d44ba8ed875cedd5c11eabd390efab97577537f3b1e277f8fe8e77aa765b84ea2e9cb8d93d23de3cb9bf07abca20d4014a0200400a0412a0140000000e87479bd0f2fa255ab39eaa7b12e437bb7971e93979f0e9bcde75b7b5b255166986479d6d7ce85cf4f9bc75df91d4e5eab7b3a795aafa773cf674cda465712709e610b56e1285497e6d5cf9be4658431cba192c7ce50ecb34a63ae316ce5672d53d2472d69a839eac52cfcb7a279ec4b6d8d9d38a5592d9c8d7c1f45ec68e2db9e9d8b391b6e76d796515cef873dc78fbf91d274eee76c9b9004dd528d5c8e9dbbe5e4575795f47c020d401002801288250003a7b26f807731cbcf3b54193a9934f0e9a6727cba595b9aca0de2ab14a5893b0a6529d8a3689547546cc86933bc3e67da79fefc792c5df1d3b799d0e1dafbf2d5bedd4bb937edd3aa89eaf4a144af174a8e77679f581c18c60b2118d9a79d7f3e9d2866af1adb3a1e6eb954f36ea2ea4d53ccb1a9dd4c8d1b798ba73d597146ddb6556e3534ec82bbcd66aa35473aceb6c65f34fd0f07d3ca3af9da33bdf546be7bd90cfb2346ca2d61d379ac73b3f68de3cd73bdc57bc7893d0f9ef472482800003d2f46abb1df9d8b43cf6a3211e593b3c8d767425834c9a14659b21ca55272cd562921325bc849ef31722c892551e7747891e79c0e8ba37e9e5d29befbb3d709d19cb81ee6b9a5794b85daa2e3cf9d5c7d3867226f0c1aae9c3a3cba5573bb9742354e1ca12cd8cf4c4565575944ef58d56cb028d12d639f76ea25564a5d3102d4902c0aa376568395bb9eefab55dbe7e6f1faff3daafa32bf2cb66a84b5c279f874d16679e65eebb7a727ceea1e8c78087b9f29eae3840d4003d8f1b663e7ecba9ea71739aa318c9617dd99ce875f1eb109e776ebb39d7aefb72d98baeee65935d6b79128eccb9371d09629a69aeb8ae7e4f470af1fa90ea955ca7c3ab90f5212921b6e20582c4b5a67af628e2f1fd7f3ba63ce6acdb7d5c7a84a3e4f4b2b696ce89593ba994b60a728ad966932770a72974c425396b30c5d1c7a982de50df7adf375a7ab97902cf53cde312eb96031bf49ab81d7e575f07b874cf176638ebaf56de75b39f42baf46b9d0ef5cf554e3766533baab27e5bd1ad4f066acbece0015e99e5c9cfd9766738af668871ccb0688ccc34413565944e5d0f3592db2a679dcaccf645f6679adee8925caa2a59de3973e2967f471ece9c0b974e959ca72f61f374a6a8a25b255d893aedaecbacadef1657573974e051e7d39938bf4f9fb0e3a3974ca688e754abe5494a505aae48de9eb329a9eb127096f3355648d9969971eb92ea2cc74851ba262cdd7cfb9c6a7a99ba6711a63bcd1d5e4b8f61a7ccf77cfbd5c7ec4ba6387774b9f376e8c56d6b9e6b378b536c8cab04943cdd1f1bb6fd9cbc551ef393df9d3cbebe6f37ab0f52f96428d3895e7bf275e76c3257bbb4c859b65949ad92e78742dc71cddb1cf65939e765b5c42aa3451bcd10b61bc1af15f2f65e57e3f55d4cabb0bf33dce85bc972f6172ee8daa8863446c232c76cf5385d2d387af2df9c9262afaa573afd11969bab926c86be859e7edd91cea834db8d64b74d19bbabd19fbf296774f0ebcab392759da9d13e5d2f6b297c32edd4c797d1c98f339fb38baccdb1b9aed6cf35d5e53a78b464de316ce56abd36dd9edb344a896f17d73773961b29f1f556c27e8e6292ef8e6251f17a082cd5667a3275e7db9727a890cfaa19de6aba7975304afe8d726eebd18b9abdd9f72994a35356bcda34bddcf59b2753062f2b36ccbece155f2d659bb2ecf17a6006755a2fb299d842b54b14aec8d54d3ab60e115e6d793ae65593edcd4a31ceac75c52db7348d7bf8dd89231a658dd93cf35b9575ea742ac06b1b39bd2e5d993a59f773d5193a76cde237cacc7b5ca4724f58cbcaebd975c2d7d376e4bae31172faef78f252f450b78dd8cdccdcf473e5f476beca5eb16d64a2986c2aa75cece0aea67e5d38393b193a303ddbf58e6eeb29e3ab634ae7d6f55cb3568aaf8e84b2cbcbbb8c9655d4b96e550d55e96cb14713464a72fa79c32bb3d1c8e963b7374ca9b7877b6daaecd25292464a52ca55896955963510865d9535c7c3a727abcfacbb4f2df367b69de5d56d561a73a8b3a5c9b65d988951b2872e8a336ba85caecea356de4f3d4f57335cbae792cc5d5663137bc56d93c53cda69d1ceae5eccb956a74a7cdb4def2cee6719d880def1c85d5c1d7651db9f5c79cd9b70e7d3beee4ecbc74e6d25e5c9e64d67d51bcec5889279aae4ede6cef9abd6379f474edcf2e6cb562c6af8e1967a6e9f3ba19494e5334c6de7dddb9ac974536f6eee9e5e1cfb186b9d1841d63751ab073ccf9b5d981e37bece75b2ee79251a166c9a74e7c6d16f471ead5be3e60f5197b72e4dd4d7cbbeaddcff0043cf1c4aadae6969a2569559a0c96e89c513d0e5a74b00564b9783e97077e7cebac84d373bf9de669df2477d7673b64e12d669e377ebeb9e04b657db55defa5865bb4ac661666a9ae91876ef9d5c9efc37ae36d78af6eb4f8daef1d3937cae78fa2fc33bd1774e6e19ed2abcedcbcc53d0e2f54e997a77caf093860b8ddc49473e9a9dbd09aa7a21af2b8ae7ae7aac59f5c762e8de5307af2c78bbf9f9f4d51be53b4fa65faf2505f063cfe6df1cfb71f42be85c5b3b8be5a387e8f893bd16273d1d0d9ceeaebc9555a8bcfcd476578f766ecf3f639cf3f5d3cdc8e57abe3cedcab36a9d63a2ee938f26aedc59e117427ab47438dbf7cb5d3a9ebcfe7d7779b3d597a78252f4e30d97cbcccbdda674e45d2ab3dfab2e5eedf9ede7754b8e04fa78a7a6fdbc7b19eb525daf3f26bec65cf7cdd1e58d76b3e7d7af3e0cfdba274e6f433533a76573376bcfe6efa2389b73d10a1d10bad5d5f3cabd65be3c63d9f138f19d3b2b8cdd7d1f63c4ecbcbd5bf37b2f2d3cd3067d7bde1737e934f2b56bc5b151167970c867e86bbf99a53d2151bf9f6e3b704e994ca67dda7ade7fad78f54a8d792de1f5f819ef62caa7a7a7d9f39ddd796d50b2f1e760e8f2f3ec9955b3af66ecfa35f3caae2ce09158fa13dfced6c75091bf0d3c9edf273df3ba8cfaf675fcefa0d7964456bcf871ebe467ddb2cc554dfaa973ecd78366230b515cf967dbd1ebf95dd7877cf3aaf1eb7374659dadbb9b9a74f612f326fc9e939b994db5419f474ba7e3b4eb8fa88f9be939d35f4a59edffc4002d10000202020103030304030101010000000102001103122104101320223114303223334160404250051534ffda0008010100010502ff008fd1a52657df27f81e23aff5051b3673e3c1f7c0b2aa163e4bfea3d1a5bf54fb65fbcaa5a7b515df6fea49fa1d3fcfdec788b46608092dfd4b02ef97ac7fbd8b14c99759f3fd4fa45d51db67fb606c571850f93faa22eefd49f1e1fb9813db95f63fd53a35bcbd536d9fed816729f1e1feabd18d71136df6fa65e7a86b7fe9f465194651946547fd3e93ee0fd2c5fd4320d7bf306d2de0d8c5058e2d49fd1a744a18c41d3e23eac0b6fd4b7f51e97dede113c027d3c1d399f4c4cfa39f4517a4d678046e990cfa5c62290ade05df274f73569a35d1988698dc34fa6cb47032a7f4ee841f27aae6d36e1f3e353f50b5e659e5c7903644131f518e2e7c648cc9602ccba22a9c54ac264fdcfe958ba57789d261102635f4576b97369b47c9ec6e630222b41e3d5504ad616b8b31f2b987e985378471d571d47f49e97a7a3daacb45143b984cb97321f6bfe65aa7112f6c7b057613e255cc5f8bfe3ed6380f1d67ff00a3fa474988220f45cb85a0f8be632dc3d9e32f3f048b551c1726254a5098c59c7f0df8b01b621eceaf1b9cc306527e97343d2e5afa7cb3e9f2ca37fd07a7c7e4ca7f21e832e5cb97ddc5c30c3f3f317e59b598aa32b19f02cdf4f93604cd5441369c6db540decb16df3f8b6a8e4e0c2c0f42b32627c67feef44b58ff0091dcc2633d41925c101ecab4d98516861821107c6e7be10565dc4681c8ee2ac5cfe2bb577132f48b9264c6d89bfede21ae33077616acfa90d162980f1422fc4cc2d1e5cbe7b21a8473cce9d3663f3d81a3f262810712a7faeb2b8a950767c499466e9df11ff9f8ba5c9922f438e1e8714cbd23e3fb0b0c43c77eb31da7c4433e42833583b11c3f10f61c4b976720d4033a53edb97dcd31a9aca9535952a54a95daa309d674de2ff9a88ced83a55c7dc9a973aae9fd581366584c56e6fb9e465e979c7d28115401e960a666e9558323231309ecf99b20c44017536b97c0704d9bf7865ca679d2c3a99b097f60fc33ab0f1639e2c53c58a7d3e130f498e1e8da3e2c98ff00e2e3c0f9261c4b897610197db513411fa2c2cff418ad7a0c227ff3dafe87345e999502380419f115a5cdbb01dd7b3a86008d7887b3a2e45eab1843dc1a8031876581a792a7960ca69198cdb6216e6b635759fab7faab0e4c8b065727772465cb03663377fb393a5479931b636ff838716e5186ac7bdcbbfb152a6b35132e1a9bc41c0ec3b932e5fbbb0847390060b87551d31b6c0b49d3800962ff004eed1ba7134e57083061132e0f628ca67eaa2a12206cd92363c9a78b3b29c2d5ad4fe35d82135b290471e8a9acd654cb886547528dfe7aa96644a95e90603c7dbcd846c07107a19809b89b4da0680cb87b1c9cd831789c58711985136fb0b0eb3c8b03b34caa7205c24400c0a66bc509a8ba100ed4237e10761dcb288320267fe827fc0e9b1683612e1ed72e0a83ee64fc17d2eda87c950e48afa906e2f24a91031861332fe4b2e03c1337f686a9e483242f6419fc5f6b3d876bf466fd3c5e633ccd3ced3cd926ef3670040206d27515930d1ff3ba6c7b398a23fe3b4da5832840a250ed52ebecf50680bee3b75044622ee0317f2410465584478c78531f245712e5f7f882080cb97c5c0d14cbe761030973e6757f878cc2ad02bca69eebdb906e23766a51c4cd88a1ff003312e9884b972e5cda069b40f034065cb9b40f3697e8ea1ff517d271a34cdd2d4f034fa7c93174ce0eb500ec634c9f231f3914dc0cc2794cf2cf2cf319e5b9e57bf2b08aec559ca8f2bc1e5302659e1610e165513172bf0a0061a6333c38cc6e9f8f1bafa56651b26c6d0dc54c6c7e8dafe8da1e97288411fe3e25db276b970984d4da030341ccb81a6d2fd172e6d0b71972edd463680fa47720c5e4599f3088c2671eee60fc5be6ccb97399cca9acab987a6da698a7854cd10035382d93330c9acc63b08489b406068555a65c5ac1ccfe47670032632669505c32e558cdd3327f8dd28e7b133933431716c5ba717f4e6bc79437ea2c195a79e0ce2b1e413685a86e26fcec26e04ea7a95d41e54c4680f6be546dd94df65f91c1950c69d49f75cd4ea44a9acd657298a65c21261c4495c4b0a0d47c9f45402158009fc6f0340ddae2bc7c20c28cb043f1658ab4b9e48d75c188d604ea7a6ff17a53daf80900a596c00e65104d9879831f0715cf1a50c0ac3e9d04f088708bf1f393a768d60f1db1345350340dd90d0ed7e85c9798cccc15723eed71721a3f02202d1908296ae60d8cb3566f5140f30b404f613986ee66c875ac80d650d6ea173cf2acb832113ca21f9ea5b5c58c9336a8ad61b901b8222f7eb30ea7fc3c26b21f845ec35635cb41c761f1d8f335025d0366692aa54ae72e10e08a301e51b61c881a07a81e0697319ec61835577700f539bc87b8697731c61c5cbb80cb15b4de6d0343ac1f20fbc3de5dc00fd4208f9a94dc015e1e1ac98105300eec8862a73a98c4a0cf94e46c5c007dc5a6fedc5f04c46e54590055023e9f09993a1c647ff3f87e8b2ac2083f613a6576fa1c73274b8917c693160c443263bb982d8f61f24735cfa2e0e254a95009aca9aca9d7ad65ec1aa63c81a15a970181cc0d16298613518899f35f61dccd8446a2d978f718713563c76c545a855775c6e0e110af1a7271ad2f100d5860424a3294036dae28f60167f81f005311cd4e57b65c4b94360c98a5c24c536a7da2c938d2a083bdcb9c18712b4ea3a014783eae9966b3a9f98cdec9fce35d5076e3b7c4af4d7aabbf55897221820511b898f2dce0c3f1cc1b40584194cfa98ee8065ce5fd17e8c23db08dcfb42e2b87dcfed06a0d845e65702c404c3f35716a3e2d9b48a201448b8657267c011be4b080f030e38fd22b0c98db19be70616db53dafb13c86ed53912e757d20cc194a9f4e15d50b01321dddf1e98efb0a05b3c4ea50c0e0c044b97f7fff0041bf4a08a84c18045c4a2049aca952a54a8514c6e9d0c6e9a3e265f409871caa95acded226bd87ca1584f0095859680b52009517835db5060fcbfda54a95df21a8edca180f66008ea3a7d0e37b50670678ee1054400ce6035034aed9f02e75eab07d3e5f4647d54b9270f2f99cb6484c1d8ac103b09e7c907559041d5b4fab9f58b07598e2f558ec67c7065433759b89bacdd679161ca264cb90ccd85c898b0540254aec60ef504a952a15997a70d1d0a19805e4e2c9e4b1336f6a36b01143e75f729d7b958bf84025402576ea1bc50758b3eab11833e233ca90329ecc639e58898de8a34067f19f1146c4d0181a03c08539aee178b336edff00a48de7f475062a16288b8c6723c860b27420030e30c1b154e66a4c20c4c6cd3c6a22e2433e9c41827d2acfa551074e93c2a278c4d44f884cc8f3264e30e3a83e3d23bd4ae654a953599f16ca451e97f2fe0f73c156d4afb9be1a28b35cd4a952a54a95dbaa1fa01c55011950a94135a97904f3e659f50f3cd3c8261cc0c46b82328719309c7911840d3698cf3daa1e208798cb50434ebd4623872f7f1b6462531c762d0c4c45a29559f31b965de28e4e30597109e3510a2cf89b1a1f1e8b972e1318cc8d09e52032d60a83d7fec3b92046cc047cf32fbcf4a096a308952bb545fc227cff00b182aea57a59c2cc8c197c58766e9f119f4eab0e14d8f4a63f4f9161c4f0e369a19504c19f946bec4023274a15d79310d4b97d88b9f1369f32b91f2e8ae32f400cc989f199932b34b9771350c71ab4f1058d3f9b970319e43369b4b97c5cb97dc4b9719a3bf0cd09e51e3bec46394cb172981c4db883f21f3fc8f9971f2050f90b7627827629b038f2291c56bdaf8abec2089c980d0b97c5cdc439042e49ab9ad026069b4a171c98d0f6fe3b61ce4447befa099068c0c1cc27953e83c43d87c4201197a046990845b9ee638f104ec63fe21a5c2f379e413710648324f28832013cab3cdc799ece669e5cb36ca65e48cef6c4f7b33a780cf9244226ecb173c19c419d67d424fa859f513cc4c36499cc66b1f070858ca8f0e2d21daf6c9172e49e679f526c752d1723bc6cf931c3d6b52752f47a873132bec762cabc85e3c6a0f0237c168a6e6d2cc018cf135f8396e998c6e9b20856a15a950098b236338b28717dbaafdb47b8b3e7b5f722e7f1707a1f1ec074e6d5157b1319a7c63d0d36c25774009653610caa3acd846235c24b92f4e1c42ed2c9855e1479a9ef89b53bcda6f2ee58be2589b080183199e3e191a69024f12ca0a1a8c1c3b4bb9c4d44d678d61c2b17009840486a64c28c4614134512801426bee1f0c7dc4cc87d9ac5db65c44cdf56f32d65ca4c5c841c798e48b71b1ab8cc8a92d67b6851831bef8d9e6d3a8752be320e3c951609701ef5381f60985a16869e6a006c734e4e08d88882c417d80e1471cce041f3a9000027218fc78f87c7cb8a245760b312caee6059ac0b2a01cd4aec2543d9c4f95b9736972e5cf2d46cbb446d51b25b5c633fd54f1f049b118eb3aaba45d99142cc8fa854779e0623e9da2f4ea22a81dfa8c5e507a5c8a7c3962606a4c4c904ab19fa5265e459e5698fa8a38b22b083d0e26a4a87f49319a364119c99d393e46f7400cff6b513230832013032b43811a7d3d1380ea71b89e36815f638d89f1648309b540a0fc30e187b987389413a514317e0f6307c7a2e1ec3b6c258995a2ca5b228f6bec398b31f38be1a37cd8af843996df36b15e33a9c7d4d918f8826ab63d7bd9f5bb536b89e3f4286363cdd39c3d48680df6b973e60b10d34ad3b6e231799323d924f6ab985486972e5c34678e614d5fb03dac43956792e1c8562b822e1c826634a5a1e4e334418c2a2e49773579e379e269e233c53c4278d67896789278921c297e158f8aa662526c4b052d08712cc43c8d0c6568034dc4be7a7699dbddbb834ed30938f19662359f8c584d47e112032e5cb97ddb322c6cc5e299b4b97e92034f18ba95632f4ab6985c4f06431ba7c822dac5cec223861d8a11020132640232ed0e183172a051d65897e946a3e413c8206972c41acde16061a9b705f9ccdeee4c18ccf14f881a5881a8792e6f379b4da16e3681e17e0b42dc9684cea1bdc3e53e2e15533c3c9c4ea25c3d8354ba839973686e636267e4571ca00752fc637e36972e7914419f1cf2d920b438161c4eb36200ea960ea1679d679c4f34dec5c1e86f8c790a4560c23e20615a8382b9840ca67133e5d476c6a5c8f689a8333697acf70818c0e2589c77bf4dc2e2173115989c059862a9543cab0ba19b00419f33e25c065cb87e3b581369770b70f9278d98f85a2f020f90ac8b7b03894c1885f221de1c4f06333c467822610663c42c0559c767200cafbb24d44091b0dc381c4c386a0510776c732601bfd399e0c82047104be2083b5cc84eb462b32c5cd0732a361531b0b0ecb90894492263c45caa6a2a5199dea576d6ca610a3c6b1ba6433261d07b840cf3df6b89ebc4d3c5322aaace3b6350a9c4f6cea6b5a1359a59f0959ee13c93ca279679441904f209bcb630e53033920bcc28acbe249e35999754625a0244c6e363f1938c966599b54da6ded5f880d40d07338edadc380347c68a4aacf7089c9fe41ed7cf706e32472e87cad173302b915e7129636cb3cb06631722b4b87531f1cda6f513a881c1971b1831832cc6a5e780c40a82e5ccb980879ed5730e3d47672aaafee3aca9d3e2e759ac22a64f736b359d3e2b6d66b35997dcfacd674f8edf49e39e39952dfc53c4274f85678e6b35853ddac0274e26b358e969acd278e60bf1e4e9f73f4ecb322118a9e7ba062201922abcd4db1c8b3c9926cf30bf7c98f705194ce41c6de49e310e1531fa7207be5bc4c8445f70d614b193a7226b2aa264957358f855a3622b2a2b32c460f2a3e0568dd3b09ac5d94a64b95358a005a95329d5254a98716f3c7359accce6ed8f60098bd3ce44e616d464ca5fbe3c65e2aeabcce666cbdc4c4ba0b9719c2af7e9a5cb971cfbae03303d3dcb9623f0f7dba77a6b970d18e356ed8726bdc80430d1ac4b98b354b12e3a860ea565cda8a75103032e3a2b4642b2e2bea573a99b032e3e30d195965c572b173032e5dc7c50d83b45ea0c5caad2e3a06851c4e62e5658b955a0eb7241d7b4faf133757b8f3cf3cf3898bacc41075788cfa8c73cc90b83361361301072d897dbaa3c5cb97307edf763eeb97317393bf53fb7dfa7fdbef93f3ed8ff7254d67518c4a952a62f726b359931865a12bb74e6e6b358d88307c7a350953136ad52a6a267c617bab152288a9533200bd836b10864e27133aa85d84d845cb5382388555a6540865cc390edc4e21d4c7203ec254a94211f6d49b47688ed0319d41377dbf9c24f881ee7e7b603fa9dfa9fc609fc74a7f4fbbfe7663137849f241dbaafc7be0fdaedfc41f13a7fdcefd4fee761f977eaff0b372ccc67f4ecc24cea09d3ba13ab334463be49427f2df9ab34d9a6326f241045277d8d02660fc401284ffc400281100020201040103050101010000000000000102111203102131201341512230324050046114ffda0008010301013f01fd3d2e2e43f3ab3d18c2373fe4cfe98a8f9c60e6e91f4e87fd64a4e4edff00234a39489cb295f96968bd427ab182c74ff94be9d3bf9f24acd696115a6bf97abc24bcbfcf1e727ec4a593bfe42e4a2bc1c1be8716b697d1a54bdcc5ff001926fa168b1428c4a28a3128c4c51ee387f1631c9d0a2a2a8b28a3b2b65b228f725d0d7262cc5ff0b450f6513024bc2f7c36a28c4c2c7a5127a35d7eca567a6c6abc223db22121d2da45ecba156f7b5a1cccc72249486abf5a306ce8c895330662c8479e765c988d2f1ab44ad7058996645ed46262607a47a713d38fc1e8c497f9d7b12838fe8c23636bec45b429da25b2144712a87130462514533165328c4a10b66cc992f864953fbe958928a3bdefca1f88f652c4f54ceccbd9ecf8627e543456caf744b925a197438b4e9fded25efe346062608c0c0d3fc68a1a1a284e8e48b27d8f83233666cc98aca6508676ca923d46bb232b25b527da3ff3c47fe6f81a6bbfb7a7d6d451894725f3b37439d9a72a3b28f7dd90252b7b514622424218d94e88f06499460fb45cbdcbe7c27052251c5d79b8342d2933d364556eb6b2cb464644f68c84c4be4c7831a6354872f6dd32cbdacef69c44bc1193394ec522cc895b1a3d343d34355e1376c4f15bd9659916596597ba8b175cedced28b63835bc63e163ecb1f1d1ff4ccc8b2c5d943e0c8b68cd7b911a43b1d31aade0a958ddbd9bdacb67253313030460389087bbf2b322704fa23dfd8723213da8a13321f246588d5f2871398b331b2d3251debe4bdaacc4c4c578515b4997e28628ecfb132cb2cb1b1b7b2891823031314628c452a1abe8527132b1a1ada8a248c7c13333332666ccd993322c6ded07cf8d145188e14514ca67236256622446c48cf6a311a31121ab12e76656ca44fc1c85c9898a142fdcc194ca28511a4488217d89742f07d0ab7548c9b44635b5efca3265ed4cbf9da8e8cfe468c9be870638d11dd228adb9287c1276437e4e4a65329ed27f518d94d79d154ac5e08b470518975b28dae05a8d0a50993d2f8137121148d4d4adb4e1eecc1190a4723746626d8e2c6455b3d32f13245965a3242e49cdf45594c93386628c0c518ecda4393970849ed5b31bf91418f289ea18e5d128b89a7ad8fb1f4ea12d192e85a93889c663d667e4c5a2378a25a97c118e44218929a8f64a4e4c8c5c846a6a7b6da517deda93b62b3146a2a896cd17b6ade429311a8b8149907976624a528b16a88d487ba326886ae44e390f2890d5f938689c24ba2339448ea2913d2be8faa2c86afc92d352319c086b3f71a5325a728942e393d5639b97051a6f13d43539662697e3b4fb285d12eb6d3fcb6d6fc76d0db5fbdb4bf1da5d89bbdb517d3b68c9dd6daeb9db49dc47f03469da96daaacc4d39348ec7134db4cccd48a6cc685a9c1ffc400281100020201030401040301000000000000000102111203102113203141510422305014406171ffda0008010201013f01fe9fd43ba82f6254abf064dbe3f53a7f7ea39fe0e67ff04abf51ad2c60694308d77395095f2ff552fbf56be3bd7cfeaf439729773fd4be0b2f7b3242927b7b2d7e99b4bc9d55e873b32dacb322da32327b29fe9652c512964f6c8b1313bd9ecd7b2f68f0c4d51922d7e8b5656eb7b2e88ede76a2b9d9ea165966466d0b5a4886b5f9fecb69793af0134fc76485b52649118c8c5902b67c325e377b53144e98a2464e2277fd69eaa8f81a73f2ce8ffa42e2668cd1a93e38dd1083f263bbd91498d146263bd990e747590b5248eacbe4ebc88fd4fc919a978fe8eaea608873c94265990a4cb134491a70e765b357b51256394accacb32323233664cc9990ff00c2f648c1107cf045dabfcf274ac95cddb22a96f47fd1228a2ac871b58e7cd1989d8e37b4d0e3dd9190a436452ae4e36959174cd3d7c50a49ab5f9b59fad91433946664c5a8cea1d4179df0e6cc4a114ec91176608c11844c6239450b5623d51bf91fc919f029459827e092713d9065b5e19fc8911fa97ed09a7e3f1eaf9df23a8669fa1e0545a1c62c504fd91d25127f246567a111bb77d8d0ad166466c9b94895d7024d98321a7f24bcf8143ed3a7453467ea44ebca3495c6c6ab786ab83232c95f7d9639244fee1ecf6a287663c705334dfad9c5a7c0a4265ed29509b7bca262628e0a478da0c659cecd98af62a6a912895e87c21519b47f218bea18a49f8eef3b6250e2626224514515b6690e6999199d4666bcb14d3de72ecc45e0af685cf93fc3a66251435c0d89889414b93a6d78265b134c8dc59195f648a2c5238382d1944cd1d43a87508ccd4d4f485dcd1a7a8e3e493e0b2fb9445131ec711e99cc5d313d9368a535c8f4be04937c8e128f299a7ab5e7b5cac45965becb2cf24226071d8c544a5b7aa1c4c4a1a3114451421c921ea3666c5316a314d99327152398f0c4ce4458e29f23728ae46f9349fda64465f24a77b242818230474d182304626224b692e0c449ed4368c9167510a791629191688f2391936325490ddba1e9a31127743b4298a43e7c8dd7817278ddabe193d268d15c6e911d36496264c52912d4715742fa88b14e2fc192335f24f592f043524c832522777b5993ed85d8f9ec5e4b7b2b1a6c50489cad8a55e0c996d885368cd8d5b1707579a62af5bc95aa231a55b74d0a9164d15b49ba31660c504523a7f0420455135634523838382d16b682fb4ca8c90a868c4c777246593a25177b53db8145b317b6455ed1656c9f7b823a6748e933a4ce88b4d22b7944c198330660ce9c8e9323a5b380e2725b3268cd996d8b910d3c49459f721ea37c6d469a290f4d33a274d8a060782cadab6bdab67dab67dd43d96f43823048c51d34ce923042eca438228456d7b56f5be45f63d97e35b3d96cfb56cd6cb66bb56cf77b2dff00ffc400341000010303020503040103040301000000000111210210312032122230416140517103608191503342a11323b1c1526292d1ffda0008010100063f02fe1d6b5ee2d5e85fbfb7da2889dce14ef1e820f2327da2b57b0dda9f43e3ed27efd775c1ff0044fda48251f95eb3d5fa1a9cfda9c4bdc5abdfa8c879f71a9fb51291294efd57f71936fdaafec2f88ea30c9f1f6b2d6a2af53886f6fb430a60c183166f0dd5f8fb4513d934f7b30cbf4d145ff60e24a1909a4c6a7f6129fb46a4aa60da60c5b2a64dc64c53fa37221fd41905cfc1c8c8c6146e153049c552644e516a5edf67ac76e96ea878fc8fc2e442992531dc94a51064a114c20eb4a0f16abe7ecb75e542697f922944e928f692660ecca7d4ee886194911851445f057f3f6571fd44f84d11d361d9871d9a9f7539703b5905156a562917ec9e35dcb8e8b2ebf7b29c3c4aa2ba2993daf829f91d295541b814dbfe4c27ecd86c519bec244eddfaae9abc5e73764c8eb4c9864f168751920c1ec24459951153c91411f50e6a7f9e5abdfaabeda1af06e1decf6fff0048bfb8c835934ad49cb51c35a32ff3889a55067ebbf6b4f6d0f791ecdadab415d397dff907da9e495a948e241d3993ac952652efd447b2e94a53adc746cff8fe35a941eae6ab4f1fd3fca6a75c26b651e839975f3241c903549a1117b119d116e28368c42f4d69aa4d886c4361b7fc91554872d48a7353fc2ba247b8c9af8a53c20b3513c550bce8dd8fedfd8d104d263a2cd69b35d69a84e1a5934c2128a96826d193fe6db948fa8a7f50dea6e527ea29b94dc77372f45e8e551aa4fe09eada222247a0c1c547ebaecb83b393fe05e1c8f2aa3224a8df50e54d0f42b2a0e8957e84f23d54d4aa3702bfc08e88aa2aad5f073aa9dd4c28f55323a6078117a3c2bf85169ab29fc025283347a3e34fcdf1e8116cfd8c29ec64c39b55063729b8dd6c99369830604d737a6bfc7f01c556e5f48bd17d18bbe9622ddaf9be4ceb453b1dad93729b96fe054cfb7afe25c27a544f71e1ba31693ce984e8a8faf374a746d3698d5ffafad44f4a94eae641e89f06c52291eab469f045f060c18210c9b8dc6f753b995196aa8ee3dfc9cc8e62dcb5187d6c730fc084548c6fa4c3fc128de9d135ceb8e846123a5166d31d0cddeb8a4e1a294250c18b2d3fe9ba0f4d0a9a2344a1c54e9abe4e622c96659416aa669f4d52e88249198e57719558ca29b56d91cc99d1270fd3efdf5af8b35a45b3f7ba5a74b12ac729cc9072d27318ebc8f4c5dc7317e5b66dc7f4ff0029e96a4bf37e8c25f08f675308658736cd9d8f637092a72d6ae35576d2be75d54f64b3a8f6622d030ea86c6264e183856a1ef1af868a78957b0cc337e475452514622d240be48bab23d9d3471d385cfa86b65ef3aa6cca9754c0da2352fce8ff00b324635a2e8f6b66fec647b4991e9ee5352af30ea449283f630441955209a54f8ed6553165e2efa5951d0fe9d27fb6bc2a7f527e086abe06546e8b7129baa3fb8c0b554909e4e5a7fcda7097931ab1d2e2f74d31a634b27418c092aff03646aa81e5bc92a3cf088d824e553192147e357f255c749cd8399247ed661ad17839e9fc9c59a7dcf220c44d9d7a0d5222a1c5f47ff91975aad912dc28b76bc7a1986d117443bde4941dc64c7426981395188a5864517103e0ff00cafc2bf8255148b3a0f67a6ee83da2d1a3e4d8872c1296e25a54c74b8a98affe46a91975cad9d56e8e728d5410ba1bad9d13263a128608531a78aa939bb92991526dcc8b691618e11d0f933046a6e925d9520e2fa6afe34474786a38389e1f4bdd75ee53276369349853b9351be9fd9b90ca19328650c985539296f916baaa75b3ae74bf49f0a32d91c8b48c3b48ae936645717432eb4ad9c9a6a43731be93727ec85bc90368ff00bd51d0e3e15e1667d3c23595af297e53179843dcd8a4392c64ee4a1b4c18d2ebe89857d4f68b37497c0d50aaac62d0a6f5fd9bd49636d9bbdd9445fed151f546a5a6a4745169eddb4712c1cb2a4ad9d610e4424e5b7360e5b76b437a0cf5a0daa3a0ac4f42474e8c8ca9060c10a37fa8ae6f376a65bb29c48bca2aa63a8d5238ff00495bc29cf4b5bc5f98ee72fa86a6d0a7374a4f64d1cb03570be7af94d13a1dba3cdadb5e4cdd9507fa7caa41270a132b75e93bdb060843b1b8dc64ce85d39252f9bfb19bb35a724e48a94ee6ea8c9d8c526c43969a7f64fd21b810c27e467a50cafe8fee32fa14a4cdb16c9b90dc861fe06549d1881d16efed655b3752548d123a2ea8b60c3986204a291517b106d5369831ab0a617562d922a324ada10c0a8229cc45f1744b3b1831ad7e2d0e271c0d462ee8331235435445368a87a5594e7a6dc0ab91e951aa1c63c7a061bb107321177bf1266fca48f6c5bc0dd2c74dfa10824308bef741441fd845b48931684b3b29fda6e255484ba23b10d51b546643b5f8a85fc128b69d6e40d547465449324e9c10b7841c76731a1c7b4fa3633d161ad48a820d911292546c94a225ddbd07c9cd421c8ac781aa85d7278b41142928c4af49f57bdbbddb4b0e968430763286e371b8cae9ee4290a3adbbdf2b491512b168564164e4f691dccaa2e8c5e7a3ba7c1e3a923a11529fd4537aa9b94922eff4ecd49369a554fe9aa7a89e8a694bb689393a18ba1cc60e6b31266f3521939506552327b9b4c29dc8e9781d2d04a107310b6e14ce8630606a50ca99304f59d8da6dff0026d53b99ea25f964754b4dd54e63d8ee452842524b5b264915cc5e706234c20eba94c90ca4d0bd0e54b41cc845bd8f064991d6ec97e14bb21e494220dea4557954371b8eef6c5b060c0def7620c128b6cdb36ee6da8c5b22ad577a54c9ee27cd9512d8e87b68e61b84845306075e87924ce8c1136ed7c0f4df988b442929764bb5391eeeb9bba8eb7e25d0f7e2f6d0ab77f6d0b060c1893062cb754baa18be547973dcaa2d83023504a2b9b14dab76aafe465b3a40ca926d3b9c8abf0654ca93245a47a7176aff00645bd949b64f36f244da0e68b48d7733775c68e1a5495bf318b3a8c98bf8192eb4a689bbe85d0b7f9d0b76d0d7e15c5d86bb55793c5f988b793168262f10a62d04c2da4e526dcc45bd94c3983c1e4da4d06c530ba1114dc86e4329a134227416e9a3f3d05f9bd3a12ad08b75d1c3791afe343a5e045bf125e045bf141932647b49e2e88ab1796151ccf5f26e5fd9b94ca89a29d69a13a0b7a67427ce84e9fe35a7c99bd3f17ce8ca9b94495b62e9cca6e532ba72a64530860fffc4002b1000020202020202010207010100000000000111213141516110718191a120b130405060c1d1e1f0f1ffda0008010100013f21fe8fff008c11c1cdd7afe4779fda2372268178d74ff20e89258b65fc8e83cff68c838a2f654b83f8ef6b1c897097ee3298e1fda48a560a7e46db36f2ff008da07f7104fa0f27fb491bd2b65ebd7f184997b7cb81b6d2dcbfed3432a7b7431d6dfc47a7213a60d7a173fda8f41b62b3358f8fe2cff91d12b2c3f3fdab35c6751abf88e5a6588e429fdac8df1cfc21ce72dcff0012576d522bf8aff685734730763e8ec7d1d8fa3b04b865fdff00882ba213ed3f265cbfecfcb3b2a117a2fc3864ec0db9fd9162becbc6c4d90f222853a362c828c76216aae329feae9c2d4eadff0068a7602ce978f11a4da378bde2ec3887ed102837ec10c87f9100296d9792c9bac08d91a4e46a70e6f443917a83b05b25e59971486965a78783e3a9fd9f23946f043e048421327ccec632cbba827605d3e858297e71451ae0553c3c0743439b3e48852fd919974bd1fecf1898881617dffb2d6a7c9f62156f96297d72124b044e8691031e0e23151ebd03a774e32244a6687f633a19125a2fe29f705e89cc49312948811e68874c6104d5a632d6f19169287ec27db7f64a52e1646e41b04bc5b58b20d47d862136df63f29c781f8268781d830897d8191f4d943496c243c7fc8d3273d891a5ccac9546a0fc23465923b1ed1f6d2fdbfb25457fb2420bc21c3c6a64544ff19df8cd5928363097244b9217b097b5f444c6634e36529d4128957ec554d439d8c9224662614a6744f45a130c12529113cbdd099ff21394de826edf65324d6ccd2b2a3fb0a49c2fd06a2d2f05e1b1bc1b188a59f31b60c5dd95a0e967d6486930cb2dc34becb05044134dae0e7150f285bb04d945a1272e6d8962739343a3a1db2a764d2b4649275cc69aab41391370ba249f5b4b1ad2d5db593604fb4439cbbd3febdcf2ff0081f8978c4bc66c29ec52c0d421426d5f86bf3630f8635f8b33d0919268f5c896e250c8520988756f43666d8b49e31b19b784da216d23f24cecbd11a2cec426a0ad67bf04ac8b11e22478c742e7fae901d068631178ee843869469c0c171497b1b3dbe0a2af130f8bf0a8ee7a13e069b14cfb172c3493e859b5048848e26b0228113e87737912d8c3736856d0a65858b272b626897866285efc5d53e44874436acbcbe1f03f1ae54bfd421997684d5e7d0e2b33d8b9d3f19fd6b286a14c113a27c2d512a28c8b53128363842e4431e2675ca15d1a1e8c92b22aa5ab3406c23b5924a811c2e469e098a23061d42b3f1104578a42828f0c21f8a42086a1a94e9a30ab657f4d5cb322bdc690978882958b6daef29fd5417f918d4542821248aa0250e7373a658ccf845321095786d2cb8f1225853f4308bafc93a099e814c4e1cf8894ad3dc734d489db22c9ae880bb21452be44e9bb592e27ec824765a82249c928942e3c6fce4104c1ab5e5e3abf6ce457a0c7fb8337df519cd2e75fd157288ef23ec83e44ad0964095105982c25553659427ba8e2703958999791d56460343d844f835b65c023db21a6d74c9579e5bf021aa1dad032152ab1aca1aa259e04e2138668c64c513b505b9fd0d1369b42003661c9aa88b40cf6b12209c0358e17b21306935e98970abd8def8b24d0dd09c5311675765341d16aac45c49c762594fec570c935e5104784ea0ff9a6ca367fbff4281a172f91181268931810988283c23d931a24a287b11121ce8cba9f624643cb10470224a5e06c493ce228693722739b20865a6b81a572c21909b7704aceb419c4d548a8f02e04ad6948a1b542e05f3cec838458e1617c107444d98bd9690b910cdc704ca64310ca058a6f0291cbce068e5d51282cff007c276af8109bc28e85720fbe51a1e40234362621090abfa033e5fa04d51fd00cc83224560423063c21111209f3225e7027633645f250529bcbc17a1ba798320c7ca41e195253b4b2a1e57637044dc0ac0d221e2da744199436da32224891a129d8b3b6646b26f430a4047758dece28f66ec9766ccbe4706bfc93ab10a4331b668220c29a4450d5069f6095082420b46c53646694426a50a85abcbfa027fe7084a744de55084c7820fb33a310862f30478d78a061e1087e35419c139b41cc962b42471f2418693ece6390929a8edcf055888921446136813cd7d0cda87a245ac68915b64b4d624cbe45804c88c6c5181d09e46ec6fb1e03914e29c0a70a44ee3e913bbfb0a0fc85d5bbe462743b49dba120dc84934eb3fcf7fea1649b8f0c10d4ec2404ef054c283a1c84af1144af11e28843016a8fa362771e194c0c4a24bcd8cf20a9a73185b2fb165cf2f12d1705ccc886ea1ca987e495c09c3136d2c6b68612d274557d074315e045320429fa122893455b123d8e11a5943369bb7624bca13e1af665447c90adbd09626427506d3ba35244ec4e4b36e8734da85ca18da5953fe779a9db3228874b28c4322fb64f581a4a5e3f290246409449225f0d48e24489923999be4466cdfc3c64f917b24025d0b34d0d780d0e93862ca2917820687e825fb45b690d69cfb1a914edb9339ff71ba160376980e017889743f6162265d68a5c36ecc4adf631304fb1444d3b8e462574ac663e4c96fa2b361728798a3430d769926c763acfdc8df63b2109c1812e92b12592d372353027ae01b1da3acc95d7e531cbee1bc3fd97f2fc5f36372c4c65b9219f2284612532579f43c8a21c4c526848a5c0df623892f027a5443c3493222492c3f199f42da888cc8a64f0a71026a5cacaf0544082d989366de324dbb9f049922424fd1391ec3e0be47be0b9d97268d65c097ae75024154b10c6d123a1501276c1ecbc7426510d3425d8b9e8956253e53044f23d6495b23978d1131f225e3a132b6ba1222490409704a64283cd107ae4cc9fef4ebf96f5551e1bd161c091a14cbc372426f043908c5f78034d6a13d88b781105a7032dfb89365097245da462f0045054e3c727893af97461c9195a7af020441227b300c60449b235064583c313db2248374ec279827c0aeb7c7871c0bc3270291ae12a5a28a7f24a5d5d8a624fb2257ee16fa128c88428f0eb110259637678212ec4b6bc58628886859b22d9a911c4b91e1d3484eb51c9dd115bb8122995052e0421b762c1910369ad3fcad9e824e0cb1a94b5854df609bbeca8885e89ca3d83a4623683acf48b90a389719f0adb3d40d593af4ec96147b09cd3af445c53f32253d42b5225d135c8a4ad90896de0d6621b94473c3be0f4206263a728187865218c6f82905e09db26342b2757d4a22d0b724106d3b1f6445487227a23482db55c0d0892cfbc3c48e747162604dca4e9b24a12c8fe03826d8beb130e7d012c6cf08ebc614f487b42724d91ede009d80c9f0f0279f44207a4092095ce510535d10e80159617e0d853b81e34a5938910a5ab89c3fe51ea8dd318410d904261438409c299ba24d2886ec45285f4478dac6c5dd68580a1f26c054b71c0e2683e18a2ed496944fb1be499aa6f43dccad6496394850c5b81dfe029a10603dbb050d104408e6d44e44362d7257d535e12930e884481927245b9b123f64040c77db972292531f034a81672dc15db19d5b5c074f17c1baa1d5610eda97b28e122530bfd82a2c0461134f6dec64a6f45163433211a6792c92c74d94f836353203977f744b2075658142c03584d323a18968f62970a2e9c046d2e881dd47037890864364833298d3bf828b59f623ff560bb44762649b87fc1fda845b7f1936967ecef7d8d67ec166f4bb90e0a84948132c811740c7aa49a8e604bcc091d3a163952264ed16b8f0c83f2a791ab8416510d0f7a2a1b3304e6c89e68e25148e90d276260b2b24bc7b26cec4c8a04b920889ecbd56325c84f009976907259b77a98315a387688557458466e4d7024d676219b670a2108fda11949d40b16a11c90b99cfd9bdcfa0f4cb8e872e84b15ce46a1aeca3c10892965ae0e0470754f6c6730ac0c92b4293333661ce1c0eb04b54992fcba0284763aeb11a145d4aac543232c830c4a663b25a136c7b047eda44836f97f811b110d6bf81902208e88d686d13c8db704a48b757b112c92b81a08f643f912493d312204848c086d2912d115025047840d0a13960c587123558c3b2d9719464a07981812a430cbbfc1ff00c01388ca42454d1e115c226a810e05e28492c4ac6d9d1e3653741348c051258cb596434a59c8f850231e1cb1da94101a4e98a9521b7d86f29e55625f248436c69b098e84de52581a89d3e4c113bec9270d0d4a343370f42561f249dbb304c54dcc11ed645538114aa09d08959354195fe12e96ff008352ba1e0e44fd10ef09342a40880720996c1141c0a3a9dff90dee2329fea829cbf0c4835f06f7703b112e4b92b6c5ad8dc1ecc1ccde156048e0a80bc40bc2fd6d90a2acbc724ca28ce9bc4b0ca2382088f9e0347a31ab386fa21fdb659baf2bccd782291d1096106d5a11222303d3c35bd08f11db1d0e526eed1a650b6894864b070e1f2452a319c0835c349a161558e4a8be44804b2e08f0ce578254f991a230cba2965e243da4db463f139bda209efc30db4868935f66205b7e1247785bf43578643459d57328521217fa44bc481935f564d8e9521b8cd8dd60e4f05bc6056448b528c70247fc9cc8d847f227ff004b24d66c34f83567b43782601ff2267fb84dc2fd8919fb8ffe90f862d8f590ebef08b38b024db85b20670b42f0242450b1045085bcafc544d10444f08d72b141218e46390814b0283455ec919341b572e4851b85c891c70634375e209303bad640ac31a68b2cca8881a887b43824dc7a17f9922123ee16935a25fc93e14cb8131e85e71af30e1b27b20139b41cd75ec952f227948b0c4d0876e342150b44d86269e0e2a5c13fa5d2840449a7db66d452332820847f10a969a48bc40d94bec89c642b5020344fe51bd23368eee0704a37b7429e7224a7f44568fc84164f916b05c2fa3ac2482d2207324ae8ef5a13c1788204c8910214104bc19616ee7439cd94229b048512a2ef11e55c4f831a916bc0b335f3e2ac265062082082e9f3e084086d6e322889ec84843b240a506bece6becd4489909dec7cf7c17ca7c12ac3434930b0c38a6889133a8126976b5257e8502581267e46a3ec3142264642c0d74413210d0d3cf272bf44a526256bd91b483ada3ed0d8ea277cb29709d8aeab702e2e63d95f2da59344a644c27ec4cd243e492b022f459e0b051105124e2cb7865e0a25994a88c5094b24dd866d8898b040b2c4256450ac2914428140fe2cfa1f0ca1050f686d25458911089fd00d37793024df15812d8daa51954c129915f2d08a090bca2962fcdf928e284ed3cf62c8c622a381a452e2d0bad791cd2b18a0cbd329098c4894c42696dd12bb73113198c8a0a49d0848629a645cd0dc07019089b5ed13925f010e676d78650a507179241aadb5a2c5b8197219ab46c4a49090d1826f392c88b81ca381404c209c9329f2350acc69caf244494d8a8c9fe0c2bb24ddf22d80f6189594ec69e83cb31fec16cc4e3c24cc37fc04a814ad85965eaa12ca4f684c743910d24d35c91e46a346881242ec848a0884f58d7077462b9123a8916c873f6192afd15f4d2e0931299a170637cb2bf0d22473a83610cb5e0c790843d4acb91174c4fc43849149a782a63c850e8994b113a2b0c83d3a2790ab61a7c2149ae19767568618a4f122b30a12722e9f65f8634bc1110bc663b8559e8814b911128a6ccd0e28d5825a893ecffd1115d1750474ff0001a6971bcb0fc5512e06b1a4d35e383027aa4bb1abfc045118b3e499f3f434954c7888494b3f64e20cb289006ab14532f716520409497b16e4fda469ff00708e5e3b424ddd766f33e3c458520cdaaded31a811f23d5ac7e1886ed16da176e484bc1d0585986fe4945281ee7c13269a12d032a22d8d0344ece106cb3d0ce7f11814f60c9b4b8323744f818491b309b2852f15aed851a84ca11b81c109f04c19cc90a49944bdfe8aa31aa46277c8c80a072079b06c872642e05e8c335c8b3ce86f813d8c49a94c8b5025c2fc03ed2c903149b91282f912f2b165520d0561cc7e675a720d7890ec490657f40e9fe013609b1e61ee85cc4d8b633b8cf089770d60c6d128ff00512e6462e19f628e42426647ed1d553a170e8467a86c443781b4378325d8f134532e09d6222a4388151a1c0c8c1a76512cb5e242f78f6685644ccc46cd15a460c927e4a1c8c22d4685a44bdc92593a102267cf06446b2899c7dacc0e1a9fc09fe690bfc3027099ed090a25633c07b430414a658ce61f2cd96109b14855e6d6814323f4b7e5ace465ea88a82122844259a46091f1318e4e0b19a44e3fc149a766491d86a52e148a09cb63378137543701e4ac7a1b13ddd106ad28e9935d84c2767304a7c51648e46b81d2238623812f0fa12b42810418cba1028e0591046d7c44e45e0a020ebe7922828c34cb69944486c51484f242fdc6e4259b6264469864cd8ba546af066390dc57024c025b77a45422e4569026ca0d2586218524408434913a10dc014f411ec9f6cc836f42b4e5b124cd1396f6c62abed1dd3ec6682280ff00e8d4bbfa156f4273d14bc2239122f2d0e4e197991b2af0f3a7d0d2a86ae607543212ddfb3229c8b2460ca224524b938a7a21abec824a078dbc764ae6081068c37842b49c8b94413ef074ddc9c81939f889a6f15a743292a26458e54448b22f8276489f230c349ec7b86c4d4db1cec4e169c6c83124132a131785a12681074af80ec6d098e534bb827031913597681ba191fcc9e911b7d87a30224490ea0928cf82627e5129297821d6891317885e60945075196fa2e5efc3b44863d960bb7d823081415177216c40e510a1247cb3fb44e491ede8833f30a20b4b3c266a52495ad1c09c73126c4d045e4af7023454349e468c88e13f81c33f432b9af44d1392a58c88de7c4e3f225c1018a6a04ce53697d937fd0925d4fa145ffa0917226c82876fdb1b2afec4b70d37ed940a57c8e6b7f625dd05840c5224b63294e04b31ec3cb2c8ed7d1b2f093ada128fc4215864dd6ec12d25f639cdd7a4db2de10ed3ff0010362852adb7963c26e53ec69c7d10e8984ab152822d7c06a201041056f1a176dc0388c702e17681041327c499ad0a2397e0d204944c637a30d10d2c62e98dec574d9eca283254df1e3dda19495c1ac16677c9d90bd11503a11fd8cf62f8344d8c489f84dfe8626cd60b3c8b80747304160ca227555e871c891521f49c2f0b9a13174cb9f048a0412917af0523366be164e17c93c9349124467232419255e12e1e1109918d7d135649386bf24b54cb329522d412a1639439f2af43c1cd0d16f5d0d9d71a1dd26219a621cd16e49203a0494188313ee246a826150d35f249a56fa156f958870b843f540cea826d93462351a70f8173be84dd312542fb1322140a517fa1024ba630e781203c5dc5327e01ae783093e518118e6e77d1caacf44c9243d636c54944a10da7a0f2949f53b1b65075193a1b7c1ff404cd93c889c59aec48489c8d8c87229b18c133e075773977f2369b1439814dc3e074125e34321604102f06113c0da994299d9159605a8421442361b06259b121228d8b192e885955e86fba30a6c2a92d916620cb84217f40e286e7823eaf8134d3882851383082354493b7816298226898b284246fd9b286f277e320910843b82b7c8b405840ff00bd48a84d35ed09b2a1398e86184c8f232f7320d0c26689aa2ed0db932f983b17458e790943a39c4072058c44157c9070d0dcea19cbd92e0815625b39f6cc9b033049745d2e843504ef994219698a524c76487c17da7d0b9b1b31b0a48536a7e48e012e85a596fc500ca8aac3268504d8d0bbf9439f330a5f05b9fb1250521c30b1cc96c26f48d4251b53f964e20e93e07a2db938c8164d841443432f4117e210490d123a04acb0ddb325d96308924ab20c2ec95a0383c084c1fec48ee6943d81de47d14b609fd0afa12245c89a2498524984ab912e5a684220bb821ff9278dcae2055df0c86ca4c7c35f064224f47aafa167fe820a6a782026446394c8d707ab1492b2685f914cbcaf0bb039fcc61d42e4b72a0fce42043910c925a52f09b0525777fc1450c00d38404a4b0ab444809496e90edf2ad787b160c7ee3dcf6f09693089121844fa3e0438425b8e48f847dcb942d4091614a86fc1acd8a049e6b21f15943719e0870c574d1502e6b4e86a381295e2bc31ff00dcdd511998d7b20252d939c7725e422c089b2ff042e7f92c87d94fa619101895aa1382b0b4ff00aa37e820c7c1b3073c86f6f0133a408498921102268da9c0f713353b3fd604892c9af0b5f910e3f71ee3ba77d0bb8e1e37331c8b56484cb07b131561ec346a2c85a5d0d2087025c8af08b6f2fb3d8f632ba7e448b1089f24f915aa8cb1ede58c124842bb32110a84f11fa12988f0b3a941913e3ea312c8db27a3e049a8b25525b20406061b96e482b820a67ab3d0f411f3f84054f861e0549cec8724ae45b1de48112143c327b4d128a17f45d1450fed8265bc10129af4c4e52ac8106f8332abd88762b0a684617e449365e37b8e464e9e0c92a729090ab3d0b840cb5394261d4b957f23c5e045f26cfa8d01218996052927b3205ebc6dd7b0ff00081294c55e7833ade0c47282dfeff129524883e443c0e621ecff006d09bfee13136bee1a372ad951dc75578a0c9443cabf2405497bf324ece5902055f7fa1a104946c55f6fd16342f14f7788b2021c840814b92c992040416c650e0845a7f8f24584e33176102116d944480d99443509e8692d10a7c29dc8881023824f636b844a27cb415a6cf89ee875483427e875cad0afa1252967b21742a64e9352ec6d74434582311d4f642ee05768bc469c221c23a108e10d2e06971fae5f2c97cb1646997c904dff004a7fdb0e4ade0946589be44dec660c646589be46dc64772bd924b1d9df8d0dbe4679764b8c8ce3236f61db3cb25f24be4971919e7d9d8cd833336497c8ce73e5b4c4dd58b2bf4361ec66367ed7e8706df24be4670f66bc4be4679872036eac7c8c76463b19cc66f19e497564be49739135847c9397ee8ecdf7164a4e80d2d0a5393d3bc9ff00dd1b6977c96c88b8154ba10ab67fd71ca7d969aecb7fb029b0fa3fffda000c03010002000300000010ff00f84173ef86fc356009b0fd03ca0a8970ff0057c02de6bd6ad49d2a5c1f6e4bf2410d3cc777ff00f9004fbaa9eac37400ab0fd03c02b0570ff4fd1e00e756e4ed43e0a747dfcadef34df7b6a5fc001cfaa9beac3e025eb1fd03c1170550ff00ae441509727d2b5a50b829d1d7fb8e78e3b2163a4113efaa5bf0c7a025e35fd03c8d60510d7af4a10283bd1f8af4942e0b32c1051ce10596dc80153ee8afbf0d5a025c35f333d096041ad79fcf40b824cbd6e4bd250f8e0b38c30d31c2766040f3ef82fab0d5a025c35ec7d1486fc188c9e2f6842a0f72f5f9ad4d030dae3820a21359a1044fbe386fab0d58025c05e16e29e36a1d66b5ee3d214283dcbc7eb91d6d30c30c331f668dc854fbef96fab0d5a0215919df118cfa6cd8457f9b8c89c0a0d33d1d7eb8d77df6d7f224b723054fbe396feb0d5a02561ebe1685a43fede5f73aeb7ea1f19030e33c1c71cf3ca12674dc9f807cfbe896fe4095a0430650c4ff007b71371904302aae69670aa63834f3ce30d3cc74c6d2780d03cfbe99362e0189d9a4d26c9ccfe0cc152aa1b8556b665aff007d60ece38e3b3c8463d8e87a307cfbec44f4974889f43a8e5d2ec80a004362e3d7eb1b406ef97feca098c31cc2dccb65e91803cfae1a98ff00c6db6b51f634f3b001b2f07bc722f102214d45d0c5026c7637fccb9d17bc89f03cfbdee3e2ad2200996eb0a8933fa3793dd8415bcea0c2d9b68a8f267a3aa5ad99a4d276fe07cf8a653a89af9d60bd50c9271e31e47cefe97697aeac276650a9ea2a9bc11793f259e57be117e330946eb18829b3175b69fbc1e0205cfa2096b06b7e1546b75c66d0e2b9476d3d97efbe0497e905f35d8c7414b27a1e16809aeab2fcd2a1f7273ebe7f5f734f44e4a85a52ebbe19fbed7fb4d6f2a07913173164e381799de129b4c091bf5c669c9c9aa2eabbc949922afda3514dbeb3980d85035014c59c01910e9d216e9d8f070e242ebe6ede7f3893144477eb3fc75c15247d1a568cbddf320e9bbffc7724facbea0583175a017dbb1811220ab88166682416070e97752990572adc8007048603083143b779b16663b0feca0f64f3b6b0c77eb23625492f6a6bec1be1c608510173a66442898c3d7e9cf5940876ab403cc53628bb2a7193f3d8f92ff2ea2b836aa00807ee5afa665200535a7dcd335c1668436256e3a09aa4f6f4ff00702a5437f122d3887b1def3d2388db22160000374c90467a6c6896e7319c60038c78c9f034aa92b698c8ddeda998cbd830d1d2f8d064a9b652965cd75d2889002e3489316ab285f8763e5f38ab58dae6daa62e535495055bff00ffc400231101010101010002030101010101010000010011213141511020614030718191d1ffda0008010301013f10ff001934f849557e7f71200d6d25ebe1fe50ff002739ebefee50652c3ffe33c4dff267f9389f07664fd897381eb22ffeccaaebfe63fc6d41efec4407aca87e3bfe80ff00067e7ff81fd817e02657f3fe6cb23fc071bf993ee42c3ea60c4ef6c6287b7abe4cff00407fd9cc121ec43278e4a1edd7e200db09a321f67e2bae1660d9314ff2e7e03feac02c82310f2507643d4e608672c49773f044d5d09d585a7c487c59fe3083fea275f6f706b6e487b62f2c13b22390e3282dd0be32edd607ccbf893963d240eca6f42911c7fe59fae441fba2c0b9f922c4fd306116f1db43df25d07c9a71bd63e36a313b215fc8a476d2d1f6065a775967ff00249503d949167fd73f011fb751f230e05a1f21eb30fd56ba169ba4c39f32ac58c21c27772c64cf64e849150810f20cb9f98fea03009ec9fb9d7ccefe61be30feeedd37f115f492753989cfdf2cfc04107ebbf5f2c801e4320f963e49bc932f2765346c0649e4b1d7ee40f2d0ba42f53b61a6590c2d1cc97f57d440c97cdffa81b9d921c6d9edb4eca139e5a3810731b50fce59fa65911fa3202204ead204b662f792cbf56e4391f7f771cbe631c3b1f14805cf6e73a37a5d91ae2d8320fb004104fd6d6730033c48bc80fa80791f09176a641e7ed967e03f5e9163909b00c97e274ed9674c2516a4387c4adedd2f9583ede021d3b026403a89d10c3063ec8c7f087eb93b758e7599b3160e04f48c23880e9632e9e5863562cd53b83f19ff001c14eb09b3f31df1b61ec63e76e3fa8538927593701923843a4f72221f24ee90f583e92f96244f251ccfc57f0426c7cf6f65b1909fc84f535ba583b21cb275c8630583108de3c937b19d9117e33f55b1227493725391c84df606649b38f89c70e403a435eb25f603890bb37842f1f6d66445b80e973c4429d21620bdc8ddd087be5e36f48107220e5987796061eb0e6abdb938ff00fb6dc3c8742cb67cb75e4be485f496ed9b49577f447c8845ecbdd2791a7908864c773a98ab76b9d84d907083e9db5df61fb4f4f62806ec25ac337ad99e126196610d732d1c41544edc362e388d999d9d3a59ce59c09eeac265b5c849e479084f1901eef2f8cc47f4b067e88f45d03c25b3e4eeec3867235087486fb27e59fba0ec619010bf56fe36db981f302bea1a06024243d2ebe370d5b4f650dcba6ecf5bb75b093248483bc621d267df210742067c175c660e47224a9c911c7f024eb3f93c61220a47bb06cf9004665ed922cece043b6532c606365c97182b3aeb601cb1d8cb65b04024faca9c953afc48c0c5f643e48cc9a6b0793280ec63905c0f5b8eda86405e4688f719fa59af67f93c25194785ab2372c3e2c19dbd84fcc37e5bec4eb6076d1f99485fbb613e173f16bccb4ccf5b47486edfda4131928ddb01023f168a0d99b0f7c857e2dbf393fdd87cc2653a5f28949ba64278871d81e05ebf193c88e471a410d6537489611279d92e642d34b7bc24f9be8c735c85eb100c9cc80f72e5ac2fe0b0f52ce3696938fb130640064e64e7641381900df9b52532afb2b1813864bcedadcb4b7991e9c674f2056ceb41a5f21e42727df93d4f0c8490631d9d749127f274797cb66789389e38c2861e4afc41f6b17cdbfaddf3637f6c7d595c0f2e1a32cddb7fb26fcc2a62c2f8326bec1dc85f56114c4e593849007b20f5baf19df92be65704b333e891e9e4779d9074e929e42c070f65d758521cb77270e0e93ae047f17cab313a120f727d4f64202592b861be60be363eefed09e76e1c2028236fec0189218401d23e09115c7961b7a1230631243c83bb27d5ab6322cd1816a697d3221de4b0a4e3a1dbb118c6171f662e708dc3e5887562d1f2cf8e122c1bdcbac0756e366b9e5c0059087b6bf710d5b9ec8b9e49384606902218fe26544b52cb5f7011968396ed0ec27c8d670dff00abb2392ef4e4c41099813a18908c78c0333b16c6cb86de694d1a4a427b8de87dfc6d79ee274f655a5ab29fba6dde3b6196f1f8c8d588d3847f37333060b61ae20c17ad90e20fc597b7f1e16b351b27278f3ee108f22536b3beab200242cc1b01eac96c0c658c0fcc7f762270f4bafb60f7975f16a0e4fb0ca012ffc400231101010101010100020301000301000000010011213141105120406130718191a1ffda0008010201013f10fe9a7d25d8007cfe6a06b72bcff557fa8763c387f35035b13bc80303fa9bfd4544f5e100fd7dfe593fd9a27f476dfe0ff4f81f9d7f33aabfafb6ff00436dfc75bf5cfe4f387d830cfebecbfd07aefe71216d416eb11a5a423a5bfdbfafb2ff00d8dea7e4d91f903c61139f915a96cc4d8611905f3625c8741fea6dbf85ff00a968cba30a3c91bb3a7929e59adbaecbcdfb7dd19ec3a59900d6ff0048fdd6ff00df7f1bf8597feaf8bc2197094b929497d871dd841a49a415ecaeb63dd80e13deefe232d78c338c243c8844d3fe9bf9d965fe66ea9d3363756fe592ab31bd209cf6cdba90853c8a0896277790c3fd9a2cb1b520edaf308ffe97a91c24e18f913fb23027fd77f0b2ff002e47a9cd85b30811c212c32f5647b7465bcb769cb1ba7b65e4954191c13b113659a907d92fc93ee48b0391cf918f918f90f496879019b6501fb3ee08febf8efe36dfc6cb3fc430fad86c54871649f611d191e32de3238c4999109654f0801364cd80ddcec84b0640e9f2d2d653f65401d64bd9f917ff0019c35613ef6ee6fe42bf237db8eb65a7677fc4bf87f80b2b6120c8974b1d8dc0630b230f647a4a5d61ac87602e5960423d21f168dd9f2159034396a5b92b92cb6be918f923a9222eddff00500ef25e71823b2692649124f7f9efe17f8f299ce4f38ca4d0e41cc943d8471822c3ac6ba901f2d0361e4497a59803992df9743bc9a709b87e4a7a4feb92f97f84f386c83c08b79606c48a2db6929893dab27318f113a33193c2f141babfe7a7bb39708670979e5a31d4be8bd8dc90d1b83e2c87761cc7c8c4ebc36b3b021e3e5e5cd9b4b42339356f2bb20eec86ae16591cb933bdf5d320c94d1a92d712d0c14c3ff7026b22327eacfb97cb90f2301f7f9e2cdea48e897ea750724edb1afb03d7b0467c920c41709ceae665b2f16fc7d98f674996ec27fd88d65641e32872de6ecfec9318bdb97580720364bd88bdbd61e5ab5f93dcc99732fd2be2d6891ca2264fb30ee6c795c200cdb6026913d7f00e4b82caad6cd30941e4dd2dc22c7c8d90732cceb871b1ceca3ade510cf2dfee03edbb85ce1b0987c25df6dd76f5901bb01ead8692d43bd792874790c31b7ff98ed7ed87448225b44dc6474c9b56da389903dcdbdae33d9ec07f2bac170238d64ef234ecfd32636467d091207c211e12b245db6b0ef6d9596ed8b2cb076583495ec25b7e373e93af091f205c3f570ccb8625e3bf818ecaf922627e004bb668c84f0129de8b303b1ee80851fb42269e7e39281b1fab03b2f772d7b34eace96c45a6c1ab12d6ab7bc1924c83b0c40983b006043a9a6c3ed06462db2b90bc201efe000fb7fbb7303960ec9abb067437b098d8bffe970952ac9218e5cc71bb46909e32743b1fb461d765e0e106c0f361cd5b94a3931c391879603cb1fa227c212d984a1887673e97fe303d611cdcb3eed8bceb19f319cf2c642ee4e1c8615b3e074955b3af6245b13e251ec05c1ecee10ef3be932709fc20f6d27e6ead7c877b0f63385d5de4c7f8fc6c8b23adab36c142121bb3053dae4b753d312ccec3b3a6f4bcb4ced9726b50a7b280c94255bc6c5205742f948fab12c5ba5ad2328ab1b059cb1d66464c3e5830763e53ec612187929069350923824dd5077621d9090b33d82eb0f02ebc99766263c9ac3ecede5d3d89eb07237ab906411c6903e91ed927e97e99697cb537271cc8438426925ac4e429d92f215ec84e400f2c7c09f207d8463c88acc8cbc831eda8e30da7647d234f6c1e48e983f56c63747b2237c19365d836c90b0fd48f93fee78e4fc2da11ebf8832e9625bb0bd269fd520f97e8219f26c0eb1a132a93463c7253eede027f6da5eb6b90ac08c6beda749522a6311c7494f6f11b7fb82fb6dcd8c1c63601f643627e1e13fa41be463d943d96f902f9001381f81aeb612f85d839db0b5875c6c5a3cb20249b6415e928cc80e04a7c9a6561f221cb2448ff006dfb923a1047cb1219123f6b049c790a5a24fe90a4230ff1d887f0c21cfc3ed91f90efe1f2c877f3c8590ed91e4965ebf0167e3900c17cb064fc1b11c8f2059f8292f6ffc40029100100020201030304020301000000000001001121314151617110819120a1b1c130d140e1f0f1ffda0008010100013f10fa0f43d0fe63e921fc043d00802f0bc0e7e6fe2336b845e060fb07a1ea7a1e86bd09c7a90150055c01b608d001672af3d7b7d27d47d67f35cbf4b97e972fd18bfe01fc07d27a1f41ea43eb107bbb87da814ec032fc63de1ea4210f53d48420e627dbbb2f5082d7a3c7f71eca9abc9fe88421e87d47f3dfa5fd172e5cb972fd6e5c5fa0f43f88f43f98f43e9ae787272bfa3f32f9ac2b5a5dafce3dbd4843e93d084271d1728c1fdb1036722e55fbf117a5838eaeefa73fc67d67d37f55fd37f42cb8bfe39f4f3ea421e87d0665050b71e5e8f9a3da316a8aaf2b0fa49cfa9f45693bc34f8743bc324042838f32f35bc0683b7a1fe4dfd77f45cbf5bf45f53d0f43eb21fc87d27a1f45ea5bfb667eed1ef2e4f1c8e5c07c5bee7a1ea7f002a00ab8039978014c8b479fea0ca1a11afecc70e46d56d5843d487f857f45fa5fadcbf4bf4b972e5c5f458be87f39ea7a9f410fa0fa806c8cb40ff77f047e6d57c1c1ec510fe3282d3ec7765681ada9c1d8e98e65fa2b84617fa210fe23d087d67a5fd172fd6e5fa5cb972e5cb972e5fa2c58be87a1e87f8c7d07d2cfd355f436bf11bc0ad0d877f383ddf53d4fa087a332a1756c00e7e6fe0972c2d05bee7f5f51f41f59fe0dcbf5b972e5fadc58b162c3fcb3e83d087a5e858b9eee0fb5c710d81ec19fbaff00090f4defa076887024ead565f8fcfd47d47a1f51eb7ea7d77fc37e97162c58b161e87f29fc87d07a9e86450c9ec7f771d1b52f2b7f51f5510c6c7576fc7e653263f73cbf83dbe83eb26bf92fd6fd2febb972e5cb972e5cb8be8b162fa9f41fc27d27d67a8c4b2d594f861fee53ff006d3ff6d3ff00259ff8cca69115d6da1fcbfc8140155a039972ab273cbff6fc4551155b5797f94ff02fd2fd2e5fa5cb972e5cb97162cb97162c5ff00fa49cfd47a02002ab4072c20c8a806f219fbc1629b3b45bd283e602b4510babdc44558f16cc0d9570ac65054151a5816ca0f68a082c0b72cb804580c86588a7ef216ab0c53d525e08051a5b73c32b20844f1ed13a7084e14c3ba9e7d484aa458df978fefda5cde3e7a63edf9f43f94fe0bf5bf4bfa2e5fadcb972e5cb972fd2e2c58b162fa1fe09e84e7ea3d05111a4d2420d5a033a442cbf316d0f822ce09e2e0fa478584d7765892a93d5b835c87b4ed9ed0959875b7f70655494d52cf98b2235c880bf170165871462040d6d169e3965e86d58a02e05cfdaa00a4a072679de727788480d25b713154596aa7888288a61298360c13acad6be288f528cdbc2e8ae3b78849acde0b5d1bd31e9040a4542c1b7b5ff00877eb7e97e972e5fd772e5cbf4b972e5c597162c5fe421f51e87d67aed448c957662e1d67c44ba447bc34d253185402049439811c31043402be21a37b06bef51b02fc016bec5c2d1ed56084aca178eb00e904515817559a63831082a73bba0cd473219299bd16fac6aa85a803c91b4c2d529a6f9ff0051e2a2cba0bf7844020d537ce23aa462d04a57995621165b624c1a143414197fc7bfe6b972e5cb8b162c58b17f94fa8f43eb1679c58acea1c7bb0b900ca55f628fb4a6b634d27cd6e1340a21b8f2ae622c46ba32c4a53cf11437762d130e656dc55c303ced8d17458f98f86f78204ef4c3b5165b98450050ab657bc14dca324aba44ff0072bd9a5965c6969cdfec8748aa17bcd44673480095a68ddc6ab85940cb518c5652f75503852c12c8200d45d2db8aeb1e7a10a583275f1044017a3b83fb87f35ff05cb972fd2e5fd372e5cb972e5c597162c58b161bff0008fad001534016ac3e4064591ea9d7a10b7508a595011ac51fa9d56aa414dc7e28656d8395cf372c4b1b3b4a8a8bb748c28e1e48dd6348e81dc4aeadc874e2349204365ae35f999c30b7763e498c09281c8e25e2e0197f9cd5f246900155511a633d20941081b37b7e21b4405c4cb593e250628102ef15188354afc440d5ba16aea82284a15070d66ae1cf5563ecff0012febbfaae5cb972e2fa5cb8b162c58b161fe11e87d22cd3bb16f12745df8a855559986186e0db52a51f30579651b169aed2a2c354590022a5cae07f71130c30e03f79648889846629795be90ea2abf117f238476ea24658e439f8968506a938c7e602164176293382ea5d692831a07b8ed828d66c4de7a044a8157252bb7cc606e8011c547677b18b5642d55ff711d0a69a9baa6ae564ce4a2852639c43c352f0a1eec6128034ad1bae194e842d0146f5bdf89614342da0bae998824140d3568f42f3ed051f7884f27107fc4b972e5cbf4b972e5fadcb8b163162c58bfca7d47a1f429a7707471ef83de12100400d11d173287625465ae2537999b5750888f39f10c46838e9091820d8bc41b312e1bd09d83b2543180342f29101577563164b082d9cd110e6d2c58ee50a2b097ff660287ac11a3d4a771f06c36db46b03de168fed1b3cb120ae870704a930035c90440816af4779548ab45447db22474155696d7bb50554e96496ca04001514fb46454009bdff005139c71aa1ad37028943765a4f011c970d2d5be7825e1e42ddbff92a4a2d081ecee5e562e08ae07343cd047095bc0297e44fee33317825f8131f45fd172e5fa5ff0005cbfa6e5c58b165cb8b162c58bfe19f5128680f663f370206f37f3384d3bc230cb572e40944668117adb9b8b8e58b975ef1d65a491603d2715770da1128e4659a12f4f3c92a03a709da10285ae1205a357b5d546eaface772f1156ef30b102b21d3c460d8113a4cbbd46b9e9b952096ad8fea20561293a3fdc7a2977529d520a77760ce200814dd0834bd266d599a14ee34b2c89772b2bf681cd9321aba8b12a072b77e20c0b678882101b5fcaa02ef5e2318295a46a3b15572b7b89c285309759df6967004a007829dfa9e63d5d0216223c89bfe1bf4b97eb72e5cb972e5cb972e5cb972e5c58b162c58bf49fe11398661408f9acbf313dc6e3b2f521b3bc310905a41aee46a90866970f24576aaf7623159b96a95130874885c0b76e7fd43141a2ad53eccc015a2ad6d62e65285ae9e398da11a4651025a64b63ac1b39cebc4ccaac755b200d14309d14341ef9fb5c10441e82f4a2365a7c3afbc5172229762f07fdd2082358b4704cdabd16e63725d462c714284894659b5aab6335c2a8efde0c01562162f78057055f24516d5bddf58adb398dd78800182cb80c8de9717da153397895e13e1109495ccb372b7699f10892b79295d478fc40c4519825e16b4a75faefe8b972e5cb972e5cb972e5cb97e97162c58b162c58bfca41026c8194ec6fe6a09eb2441f15fb8b8e1085fb2478c05a8a0754feafea25736ac80907152a5be4b828e47308832cc552271852014725f5e65b5f12aee254265c1cc5d5307966b6d674668b53dc88e6c974e4418d2a11aa4a9526aea528030379852872565895b1c388b1a5378a87d8a22b5b4cfb47406bdb2d40d88830e1aac7ee594b2fcca2d0dc2b1815000382e674bbaa653a4a8006183b1100418cb49c4d442d6259a61a9568aa5d1190606042fac0e269b26168413435700e311d88ca0b11ea4042adad97747878f8e9eb7f45cbfe0bf5b972fd2e2c58b162c58b162c5fe414c7df40eabc1040039b197b0fe5fb43218353389193f63295ab09bea87e4fa8d0cbe075c07b6fe21d58605cc25070cb8c4042c6e3602148c4e24596aaf0c284736007f2cc1a063bc0c82ce180170fb2062d688d571100aa04ba158542100d8040ab2ede5df31c145b6987b8f32b015738df88c62200693247bc4343a5f30190562dc82d63da0d14302c0c9d611015b54cd411e686aed72c846b39af2c08496a9c0657cc2283243a3da28ba7908879a5981452d06ea1401e4a7718d2d3df11e081f785c0fbc10d8446306cb9675825b2541259d63a4360b054ac21676bf78a992f033367e67fb83e1ff00b3bc40e5f54fdac25b0e1687c51f986282e80b7f27de097d0d2fe463e9b97eb72fd6e5cb972e5c58b162c58b162ff1e2e79650f5436d7680c2af2e65f57fae232527bb29ae878c9073250bb42298047a91c9ae0d0ee0c5a46f02ee2a50ec113d6a94becca85210aa9ba46adaef7132cb5a2186900aebb8841210bddde07b56dfcc781475287dc831537daef35fee244215a46ef555145b63163130506912918416966c81aca4a686de90a0ad5ce680b4a71cd6e32e81ecc02c8174dd8c5da105020535926bcca0bbe8906ac9734b00c5c9567da0d9545d35a9532d8bc08f67ac7d574b08bfa602b165c680c9c4752a0534d3adc491037657fecb4161943f673146a13a090642b0aa0b13de2acd509670f7a23d015111d871de16a682d457038edb8d07ab960aeb2fc2459598fbdc7980e711e6fed144f2869c5eaab04a33161d6ef50419368408baa14b8c9211ac005e3146615430a2c2fbe3ac635c06d03ed7bd45098e1a167c4151c386a96bdc952aeddb7cb0a4b8056a02f50a10ec809a896408e112c485282e68337738f6f8885e591d83a8f24b972e5fd172e5cb972e5cb8b162c58b162c58bfc5986ce835d87ede269c9c0501d4960341f31aa06f735e6a3e2dbae1637017aa6d82a50dbc5140c0a976d35be65a3785b58801660fde00680a7a106faa94caa37d2ee1ad1bec982080a1aac7481b00aaf78a724db6196545d46cba56c8a3591e9180eb91ec749636ee0bed2c0aa793ac6e3b6661cab1b831de5c45801596082ac899c3510579af3082055c4818b7487f8348f1de305051363b7426f38ab0bbfe8e257f4284b0279eb19a5841004e8f3110a8d0afbf4e63773ad55b5d35075c464ab82025e8691288a0879b10bd88da23f6801456820036741acdf6802c194244f244962a988a39b79bfbc70b36ac1ae4e6005b2d403bd2bc5421ad5113639719f988e3402211cb6dd51de0818dd0a357dbde1d49dd0ae60de76cb9dcb84c5d14887188468a3352aba26c9628b92eeade73d605eeaf62dd38e662cb28d660e9196aa5d6e2c20af278960171716350c1022d197d7c7525cc0527e13b267e8b972e5cb972e5cb972e2c58b162c58b162fa1ea7d04cdb81dbbbd88222613903b7781d115d216a9629766a2ebc47459a88847da5c1615b0c5c314e5efa823b2e2800e0e90b386aa038acba88580be626b34f35ccb1586f0cb017cea0ab6365c943405259b5d3f3b953c4687420034bef1d0104c5dadf7816dbb9a31b8272b1e401e91cb467025e2a215282464040ca803ab986486bb950a8a72f6a8e94bb383994014a69e1e4210b07184ddc33d52678cc1185351bb9460de45a4808a415160f8eb1b94dcd99c1c40515bc0b6023b10246f05b0037fd41890d6b52be63bd3e0f04a10225d577eff00d41d64b0d8cfb90f5702ca615411ef6a85293ed15951b0c621744b36dae21d94073a81a10790ab988a2374147980500ad03588cabdcc231c4ae5897ad30d038bb8253a3965a049ab77ed17962d852a04388f2431012b9ce2cbf865cb972e5fadcbf4b972e2c5f458b162c58b17e93d77a86c4a6e9e6e3cbcfc4a41b7a1035d49808a66c82c11eca440959bed10c9be84acb537a8854073c4b985c9c73164a4852b9c463b0253586178b7100f2a47a35291398ae1963939226c17651dd61b36af96e150c04790856ad2b44616d55e18e50f74ca88900965b0d8ad32e6100aad04542b0888d918940e405f9cc36594535c118da17140690081c9b9502d1b4351a00616ccf114836ddac6e14c5a0c0f4c3185837968c311ba35e96b8da0cab635f984440e11813ac6a6c2da0e35075803960045052ccf106c0115d5cc6477b202c165969a50e4be236b4fbef128b0146ea63b71a86e053585955b9094b1828b5111d231b4016703fdc056406ee9fee0681ce569aaf12d36ba068f9202ab57452043bd5b45ff00b2a8b29d973e58eb6b7e2096a4d47e47ee0502783360d5778308c95a0e036beb72e5fadcb972e2cb8c58b162c58b162ff0138db8d261e07b6fe26e943d2195454b84d99209a71f981b30e92a0d67443c455bb4b846d2c772b29a6f43505855531994b16a2e9892570987a41802b2c05cdd071140db0031974c116b9f310b8751c12919cc61d9157c7128f1cab67a9d8fdc24a6ae1434373226b162f3da6f7140f428470034c2bcc15e20d9413987ec2d95680ef0c08a238481028e8b5a80031669c769714f118a17466a520ba6e1cba83a36f68f6803cbaed1d11434bccccb1c4416a5975988b90f46102003bed2b0d97570063ca5c6b012f491bad5a32ed1bb224d37829d0eb0c1e51a13b90e8b696cb08d26fc4511bebad4ede58171771b8105029377015bc66cc79cce0ca3c372f5860739be8ca9221745aac57de35174695b2a3455ee80aed9a846c52d18698256c181a3675ef29a9aacb8f89450564e929810017868cfda50cb214677006737dbf32e99544360ad62201b9430046ec7cdb106ac0d5c975ed2fd6e5cb972e5cb9718b162c58b162c59cfd27a9aa517917fa28f69772cb019dcd4252ec4aa8a416931092d737704dacb8e110173717c2d2c4e61415c9c9b23817557150de15096a0d27780ba0a25042c4ab79a88bbb13ac097075c45ab36d6a519195ed120ab8a85ebb56f1968fc33161c30946b310732e664530db116610274494444d68c9e3379e91e1f78ff0072e5a9dc07e6011d5486d7b4222a0df2331b607c4a311c252179e61ba64eb300ad393b46415dc5ad3f5052d479391eb39001d4890ad48964b84042e15be7998c21d53a850348b04d32539d625566b6addbe258e92b9408a2c0a3c87e2a32440a2a994c715c15996ba4542e32aa2bb152f0ab78ac2502822d120eb2080d5388e497b1749debacd616dcade654e22116be196d1d268b5be4fee240608e70e999528f3c62fcd4720de1167cd9140505e0d0f4d44c596932856ca9616aa18aaa4ed000532e46e0882b0874b22325c9a9a8ad385a69bd4ad4a02ea8bdfbb1dda868bb3b6e22cc28ac19e686ae38b4ae521de8fdc73967747ea3ed505d8b7ecd3f68e910d2215f32e5cbf4b972e2fa2c58b162c5fa8f4b18b41f032fd8998f88d96f042ab5b383ac636e0e90f605351cdb0f308236025c0320df4a60594d99c399ab05ace6ad9602d51401b02184ba2c6e5a82d66b2e2090a80d9796a2c5d18d5e65c4615bf10c4a0de68e225e1b822ca3efa8d88ba2e1342d0db5a855b44822359b13cbf10716e1d301c126cbc3c6371a712c19867b8b32cc75869f46160a14ab2fdcd445c90a0acbe97cc6a2385144ad1b13904849908162a028e626e01b4b95080952ea50096f0f6956d60fa3eec1705e3a32ae1b8dd8a3af482506e349fa83155a19b6fef19d0db5196a0eac56b83fd0ef10c061001dad331153a6428d73e198810a7057e6001200ba0df965a86a81bac6b570871722ec517c2541014782d18d7515bd532bc16433798d56a01addf7834ec693a408069b5beb1714a90d650aeec53f315a872132475069acb7b6742d98af109c3994617764c43855b343625d1ef0f450a82c8702c4d8abec4bf58f953e65c95abd1a5f32eb5a655b07fea81e27a037ff00758d81356cc8f73b753ede972e5c58be8b162c58b17eb3d057ecc795ff0052e90e25d8b46d60081d4b544a6e8d4125574051f2c30b2d1a301eff00d4cb96e4f4eb97f3041342be1cf28ca88ae6d581daa3c065d2cb3a271101a05433f12c362811335d98e882b0982f8219b3ba286fe258a1a5d0e7fefee0c47140a6c3de2945146b1030cef430e39cc51b16dca53131c10d3615cfee603722d05550f2b31830970e83957b4140b118a2d631a6f0c6e10617d205b482ef63ff0054154503432773d22007078123a2b084aed3099a46c4d8f5894c8ca473282541958156de7a4a00ddd6398e6f14a0f275628b8b2eaaa014657da10585bd2b9820321792a265a1463ab0c4ca95452fac750b8d2a336711834f216d95a51aecab18c0a36a00bf10d4a09b572af581004070352965af4ce603920c3177129931e2600a5748fa28761805e475003d030af04592a52a77cc30132f584a8208d53cc5a4d5b64437780afbca951b6aba12dac39c387da3cd09b4727b4e3e7d9ed0c6da897e2246b2ebb8b52a2844cb831142e014e86dd543457a015e7a5449ad485ec3d9cb0181445a6958b86cb80764777546b87091ecd59d83aa1d3b7c76597162fa2c58b162c5fe2a3aa17c29fb8d05e02292154c016b04945c361dde2362b6e057ef5cca8287a9053b1101842e9ad9ed51514ae763b033056839b3508aa4ad017f10dc12850084052c8a454520059480264e8f785eaba0ca09f11e8a50146078cd4480cc0a8bb87fb8ad4015096a7735ef085fcd8709d624876a4247c0e6200146c40d686dcf11d062d1661439375286c1d66d841d3aa969b544c404178ac240acb80beb078d943d50af1506e01668a11af98dd052265335ed30d64837007c43e14a8573ce6126194200b7bf697e41a1d082d99ad92f1eef4b0214a996f4446a8a747716052645853b4349991404f986d3910a32ea6380db4bf894cb1c6caf7b63714168e6d95d842ad50d1752c735b6d5a8152c0480ec487768e62a055b569af689537ec8e23ca40c448b42d2f07680176037998074e08461d75953a140b812954d6c8eee869b443e21e1437608ec907060d2397c0e5f68945063211b1405a387b63e21a881c94c6f6a1de120575cc081a65b6c1dea5b494557b5ff0050032164221458706480158a72a43ac5c33b0975dfb440108669d835da1d5c42c1aa2b675f109251a1a31d1832c8b7023b8d52fa434e2d014753c3f9f32fd562c7d162ff001d4050a074ddfb210f5771cae84aae73bf7893430a71ad00a2deab092c34d09cc35480aae079880a898122d6d95b5731d46a70e01ed2a3617e622a2088d99e635d25d706e50f0b61e0cc41d008fd9189621909637201b698aa456073ecf4846881c8cc17b3025edff32c5fd05a8c94eeb7f31710e8129123820e16a36f88745c9c310d8ab8979843d22a2d12b352d8156db8d44184adc0df2648e6a69197151952812a3b85225a65006728d1ddf32bf44ba383cb082f5b76b14686f9ff0073368b5e620aac758345746fab2d0ad3a4eb0eba2935d2150a06c39c3511b2915e7d5ef13347730c24c8e158781c8e4b978e440e4b4a1f68c02936ab6b50e06047694e7f3003516223a845dd0bb7a40aada57b8495cbdae8c1aab1415758a99cf1b55cdd5c5a8fdc10e5922cc2e3d88f23976e45726e546313461334af5958392c6179aa351de94a0d37c55591be6d514c9e1a87855044a09b1ed0e0f4b22a875fc4b1ad800a9f6fee0f0b90aab7b964712c4da0a3d2f503b8b49c9e8541f6e32613aaf786816c7193e2a313764074e91906080b5bae6a3ba0b485696bafee2b4966176de1860820ec7a1598972ac94d9ed022a2b6099cf12f825aa0a85de2802277194c11d45be4a8f90ae2d53b239f865de2066d65f370f4cf9a1f869f8b8b803608fc3162c58bf494058b5a147de00c87b23f504949a04d7d89472f972812b80fdc4d2bd081f658d5940d000133c4b65e97a7b6e2aba7179615946869971b82005b82f44502d85a9e330181745c04dcc1136364611942802efcca5142b42e4f7869a1fb31a2b51ed0c359b8c816c4c0f0fa0f6dcf0cc4936f3980627301568d2bec9014a208b44210521775d60018b349182c27689d2c67896a965d18268bb36398891bafc4b3b6db45e6299386112d5f460914b6e28b8bee2d585e22b2abe43bed148e388c2d029d628238382a3a5d870779721ab898d4a60e86281b4e2aea3c0a882ab232aee2f578948dd2d180751bcfc4d782300f78c650ea94ee0dd5bd61811984b1ece1cf3515e0a600d782ae53c4b952a1ca66a56965d1355f29b8a839499b10ed729919bc290ed44ce47c97cc5862aaac63c75805d3b0014f7feee3c5b68f6597a6b8a852de28ca9a20924544c01d6bacaa91816c676847b002dec4043c17869fd405592c0aaf7e90750608d66ced3540efb1822ca4e4942d0d157371bca01b3606010ed08a3586f93a8c7eb8342d9dacd9ef19a2ed66a3c45842a148731d58762c2e595b453d3facd40a614110737e205456e8e3c424b0d62256f07101d203d496e01ec6585e69b3a4d74af4802802ee384f28094f0f1ed2f58195547c9cdf67e62c06228a44d8917ea7577a04d16ac4442d0ae602b498cc4a91b78cf3025a96f8b857398039620415cce5634a1ae840445aba4751c0ab133da5c4555737a819440394e9d2601bd08c669a99d26c613979cc2335444b4ab1dc0051a37599cf5ad83a83ba069c7522da81b9999250aa2ce65475035588c8e96bd0a69ed611d4069726bda128b298809c0e661a0a709c42afcd67a24414b15a00dbda180ccdb0a7e7e624020c023884259b2ad4c09daa6d588dac20c1589b235a01ef8dcca24d3a35aef3205b0bca7ea216ab23cbd6b12fe67025d412ac50ab52223174cb2314a455dc82ec2ba453059686579b76c034a25a3401cbc45685ce0aaf4b1a2244e92082ce97b86043258641eb825c6294e415acf3ab96b4c2a85ea5d183487241aaaf0a073d23a84114b4ae0604d91e2c1f7957550d85e2e08959cde6fed1f02a2e82d2a252704ca7461d55470af2aebe209a0a6912500b95d5e2e1306c07821da23be97b11b958c80d11ba64323f9195221e47ac050b3a9352b06cae1ac7848040530d6a60804320c600d4957669b204b7a284361e7de35c4da2d53e1c9050c228721f0f59690bd1d5e22a310c136f2ccf696052b5134a47a246326f7330a8ee0ea1a501efa61b8b1781dca15c5efc428649cb00a251bb2a20a9b1a1d27774637fd40523f518aa25a42d40ae1639bb1687597851d00ef05156c55c697e21618088390ed100291c2e9fee0423666985ecc12c3e1118610a8984e2256a273d5840154cd546d9a81108028714c0350056ae102dc8e121d6be252ae00c0a2a19aae19589512f708bce611969d0e86fed1ccbca4685e98598a5ede9e235b0878543ed28eb770b7e580a021d0082828537da01a3ed0c92a15d04a1c85f4229494f104a0bb8409abde52420dc0682fef0c6d0e0b237fdc32e7529806e55c3cc1845ad5d1d17af887a00abd19ebd3da0f514143ba39aef9dc700546000526ea58b4170096599230f7205e0d4c44525bc9ed06a4e5a5c039ffaa5845a6873d1cc79029592fe204df01472acb8eec7b58281e5ac7de3836095ee4ec47a574949d636e5aefb84c141cc6e80b2033ef16f034e4eb04e8043b5b299e2dcd40276960607a90bad8ab960a48d28788202f19187bc54bc7310dd3375d25ec610ab84d75e91d96cc3c11462219c44b3ef0eed2fde5ee55323b1e494a2bb25e5eb3759f98012d754b1a974cada1325c0bd4aae6605a10cb60f4a622abd1bb21eb92d56ca74325d9a98b79ef00a980522209b4d663d20028082a53f1f4978cd51e6306556d56599d66820b6a0ea5544a5b6b44515a31a82d6d01812191d57888b562babe632110e8d241ab0f42dc6d0b1d50c6542f3689f860e96b584623e8c4366dfb93306c2522347cc685c1d77f8b82b554b043f50415632207ef026a3782fee3945c715825a73a0315a35bc92a545a15db0658b7c0dbf68cb50177fdb090b632955ed2e438a8b00e078e7150982aa80dac2101320e88a55434c05c00557c42388eacb2f26e2008ef98088b56ce6205d172c113230bf34724a414c8fc436c07e25a88e436f7226a5d1e13b7a0d9ceabe28b3ef50b8a8ae96f3a972a8ad80ebb1e202581a3feeb18aa18ab747101d56335c0f5629452835f7edb8d8b734a304057e2c475e660b34b59af106dd42c95598cac97041005f8bb858885c1608f1dc87a5a8993a42c0b54fcc494cacb83c8c574805f68ac8d58e7c247a3982ebf10a0c974da7ea569c56713f31342cde9fdc654da4032a8b609c2ee30253931e63c525b571054ee8c09939747a42405cf7613569ae18549c130e731307414342736f53985428252a01438e38710d4360d5f4950678ab8780e95842292db21f52552a286c4ee957055612b773391805c10807789559503b6a330a572412d09d49901206e85b58d6f4f47e968871961c105dbd08e5914c8dcce2ad84fcc26db5c9528c35e816b0098046c5df663284b40474aa8d65a63a853917e22092034d1770345030b614cc600d746e18026dd93b103ab6d52d7e2a3098fb2aa9dd60ca15e001ed98a029345db479a2166c97b03ef0626a8caeccb15b5a2d5fda154766cb98463f1fea04d960558103003198a2a8f3b8a34959ae1f318d7088c301e7a3c1fdc209c5660178851202b04d3755bef0a76ed1c42d52d3e62a81f9800c65eb39379b5804aab4c9de068c5ace2c51bf314bd62b456202225f583d540555a61b3494c4d9d0d6ff00ec4ad16aea9c1de3490500c731bf305c159839c542d717c4cd404445eb294946d4e842b240a039350c916d0145cea2a0a4c4b98d7a9ab12f46b4c5ba55e5e8ae9312e684800a74c3b40054db747e6676a05297671ef70208b298278ef9841e10585aaf38e21912d016b8225e03d9131c792e8487cb1a42b9a42462993b1da2401eb1954accedec618a20a2cabede612534de71b8abbc0e1eb2da884bd559587887ed525483b178c40a515bcb6ab01cefed2c60ec9efd230abbbcdcdeb00ac03eec1ba20daa98b130ad37b6045252fbcd6770e93065ef2e3db274ef2856a6ae161991c9ff00732ccc1b530991f3c3dc7e8b8372cbdd788f9dc536b0f78810f43411825d8abdc46ea5e8a9da2c3920b6fde252a1162eea9e2380048a60f682b1b339c8806406702c8c1866472fcc0a12b634b2fc56631af780086070d8bdd7fb9600c14a0bb9712e436bc7788b4c0b74eea60a0a5058581b4aeff78010baae625b242eaab9e20305c864855b1c1d798b13c2663ad8d516ccb4d5afc62234bcb15e4a86e1bf142b604c230a800e8717084a59de21873d2110597cc403f984408ef1c9030aac5b2a00c2e7d8975b2800a82ecd11210005e2056a35183558cc602b719541d0bd6ca662950f522404e8adf1fb85d91a5ca2c6bb458d90437495918f2d53b520e98cc24280aad3e3de323c02d611655282b9ee44d0de87e65d856dce2120d939399d6256f152ee2e5a8b337c1288d11580a2eaed993ce5d30bb31ed1674e01050bf68748498369d11e232076ab3942ef70812ec07019f635062771757f88a296cc00b70e47702d28f889b697ef2f91a2eae0088a2362712c0c5c0303e7bc1c8e521e3a30880a91d2419155a96e567b6f309384da0caab95c5e2b533c98165c1780f10abb76218272e08d90710ad94386f370de2ec59d666a52b1692eeb7cdca34b0d3c90d35d5ea59055c030253766578767de6edea116bc261f455c6a8dbe6300a162229df52825551208c97dc978b20006803a1529a61bb45bc768c0882529d20e610bfcc077d14d44f16d799625e1c38b8b02a3881dbdacdf68a16eca80a85945f78285a388562ed38388816f2f11906f2e3da204363282ba059ed150af10847ad1de130a2f0378ef02944477c43102038be631aa568b8283348b2ad4005aaf1009c4daad7bc15375ac2adc6870320ac48d800f51c31c100e731d0a5e29f787771bb8a81402fde05c615ac41783932ae6d8a23ad6a67546a6388e69f40caf82644a49b5a9d5eb10161558ac31e24a2ecf9868016c2b92e193112c4f9eb0481e8e059c8b8cc0ee8b1b8a1659720bc788a2958dd64822ba0b6acae045c24508a58e4845a5349508d860e84041106d0d300b18e68964a0970fea201a6c5b2c8ade53887188ba16988ac5586c128aae3785dc6087280edeaa44616dac0e5a862482d8874001843a40017ad100bb2ce18a0b84abacd748582d1554b52a55c1b46ec99d6a3746a2a2d1ce621770dd9c0c099a6bc44888d2318600a391e61c5810acd854341b330471321bcbb0287ae2511b6e576e9ed0b33569180e69bb9510d031ed15315e07b45793dbb4e85bd5eb3228bbde63562e42f58120a8e30ddc485573cd4a0bcb7875007863e4729011f665d2573c9fb6cf6f88e8a0a72f997d853299b5624236a0acd778680432175d8e92cd6820037926495a2e9961774e9f3132d4ef1e011bac2c48a9065220eef8f7825d69d18002d15440e50716e2098941c36663f44556af2cadb01c805b2c22c1c2a10ab90e4156a3499eacaa7da034285eabe3715429e860971114610e7ed0a4159002a3a5e3b61956ed54eacbcca31cb8bc4032e68afbc4bbad20099f3104484336ed389796e2a5eb495d1a8d040d82e2c0af75fa65daa8ae447f588b06aae6c71f6866680c69fea0682f5d1662c031ed1a4a0f3b7fd4ba3a296ae134209cf78a00b536531104db48162ef64706221ad6612d66380f6ff7075086136c5673700cfb40aaf700435e661700f5b1807ada095e6a2eba18105fdb507cd6f42a639a5878542a3f1c01a1538d60a9547e408fbd4679addd94fc4b9b1c16c78cde66188bba0afde21b4da0338e0a956c1a454c3e388f504bb349060a012b5c45452dd381ed16c2e58372e6b37bbf0cad6c2c51d31dd051cf304b50d8197170a4a875327da1221af4b5888c0d28b55af89c0518a6e5fcc7299ac0a087a8757b1f86989a090a293da2dc858a2e26e553d2152857c411c8e1b07a3c42a02e91d8f44e21911330c8dca6d8689b05a7f5040b12f31d9b3450f9851dc94c1a3a0cb0b065e56169daed94d32f5940c0f883cc1a33ad425f562e55e900b98958d5c4cda2ecae196c807085bfea0b422295959d5a862d2cec4a96730a6d422dbc9c44a1d8b00811742eaeaa09055b2f301301be7708d894f34c636da540b2f12d654582ebde1176ade5a7ef10154da167da56986d6adbae220ee984b16f7b820a26c435e710424b08a10e05e61e48e803879cf48ca59a0255f72ea225965534f4af6a97f8d976a27e66920ada2bed094a32ea4a2f5c346ee0380a638c7496274297a4702d54c519830245de572f2d85391276b8f5b4b450ff0052c1b36d2a567983570264a6ee25686056980a8365502ca5462f92bf30ab44786daf794a1086c4311c12001132f9b8180caa97a3b66299498e2a196d95cd9fd43870d8073d652826700ccac4621e0e3f328305557e62b048181731a421777c132605e1497955ec83da20d783d48eab02e0eb06a12d8730a448ad6ee1715cc5157e6000da512c58380a5a02b9e9f1304804bf989c558511c9046c205434f0c5490a05bd6638780980e779963387f0316141b667102926c0b6fcc2c794be5f2f1ed2a69c4a791caee0c8d8b619b7a12805de1154f57a43456a6cbe75d22b64061d57bcaa0cb0bb389989ac836ba8c55411805b2e8cf19890814d8102e9415acedcc601456810bf920c3f2b80f6788f8a4291b17dae328bcb9a771310e345280dfe634829a477ed04b5b844c3dc881769453a230a5bbe940585ec2ed62d147557705305bd5802e5b6569a02dbd623c881bbd732e82943705e6575251c591a229745cce529e20836f962d71f30aaa52c6af0c1355286f9ea40c85580190f3092a362e73de32e4a023873d22d8d06c4b2a1aa637554c088026350041e9aba88b4b829bc38ce22a5d45d5d62301e4225337db98cae8d68d46b43c41699740adb453ba47800b794bb3af794886a5157101083400b039f6398a928a40070efed07cb030d27b4470b0e1b46227a8c5f48e8516f0398edaf78a1556ba233b0680b217600b084a35da330066ad0cc6ca84aaa4c3100877800c44ad0db77482050380351d0058b551003dae12d9add43c15de3310282d75594a0ab6d648053708005a6e2ad5326a01222e4f6ef014dd59e4d41d275951ac112b7888b15c538834297b45ae1c407070b5cdcbac0f562d3a4069542ab76b1f1a69ae7ac75ad6b71102db7f6aafdc702d62c7a2665ff0014d3182ca8c9756590545e41ed28b2b5c476d46cb18fa95ac74bc167152f2a6c8a1f32e24972f2c54a357bcc42f1022405befb8b076676afe25c6eaf2da9fdc7cc754980f150791680c4074f883a3a8b412505ec944e9c1749e46a15046f258083e6bda0992b6a8a9d28c1e72c230094dac73d13bb11203817f50072316523d480ac8b52ab8bc25abd9f98618ce50af9983207403030fa09a3c902056e686c7d995d7becc0460aaca00609781410028cbd62aee50530c35c91bec1cf7541add029860a97b3d10d677d23669f10456e6a18b49def504de438ca64c40d94e7e60c500b0ab7a940041d6f88328178130204742f1de2eabbde1a80b16e88c5e9c79ef327eab12bac3eb85c50114500b43cc53291b294cddf58cd0dadd28fc6a1789bb3365eca998d960255ee8750f0842cb5474cc486856ae7d9a96480aa91b1fdc2467915b585203a99164b75d62a29968c6a6aecf3c4a88d0d77962723375750ecaed5de2ad72714c79814de2290e6b8ef110d3baa9512cc4697084a996a1478806ab7bb84e56610a3b3217a61253aeb31055b2b31860697240a0e8e560004458ca5957f30f309cbd42f1018a00e3981492ceb701989b163c55517040ab991e06224e9b9408a685a9907a6e369c176e99b3f242ef962ff0070d68abf30c0bd0a9f10282bc41e6a0d02436a9a0eec48f4905a3ae2240b365755d0880537306fb4af6bc05110bce7ad0c5008556b1c0410306deb1154c4054a4c2969285d6bf118c0b4ee22ef58a218c5edc2c0692eacac6c98a05f962da002d5c45205e01e7bc08b8683642a2f3d62c1795f697656a66ba2eb706c032100a8daf0a358b3896bb18806fc9985acc63ff40fbc169e5625bf7e1f860018cc0b0be6570a8f3718e6fc440a10aead405aadf694114dc42282c63087ee07803b132445425d2e7e7d208b111e4615a96f017f12f1675a042ab01bd3fb8c142f79995c75d022a5968b4f1076a6c2ac638058d6c0260bd4b98e1334ee5a812f9b8255b5d6861aa58b2aab9231dee3bb458404d26a5c5044c903c8022b4b7512104818e80bfa80ee97368081801319af9226ce3063b4b82a134181f304e529d5ea2b77592b5051e0c12945a022c70a5a52377226c0c30c858341a8fc45734e31d730a4a068a3f044d775d5daabb62288b8e82f1f68a829222d2d7ccb55bde6f67ef1c1672e8025ecbe2ec3f503456bdd8e66a4317850228bda5bdb12946d16c4eabadc6658104c31d710c500ac2de798528b29ad4bc448aa6cd4aa325512d160c51b23c563334d24ba4556d4b7aea333560629b07dc58597665a1fd46f276685d40ca5c550410483b0a9f7a877b44b250955f38802ea962c88d0b9d66258370003ed52a5e2d131cbc778075410bb2b397fea97ed355a23d7a46e994d53417bc1d5cad2eeab98c018a9c1550a02d01a0ba75031dad86b58d42aa6fa4ad58958a58fe6641031b9782356f4814cd9cd4d9473a1e60825d736c0b813b2d5e8f48780b85d873d6ebfea865869a2ef980836a7073053ad5223b97163751547afda029e841319db283994a15b58dd53021146eac8659bc6a3c3a948963143025b6aa5e9da1602345d87c91b595e00afc11d328ba18fc40e1072a7f2c5011d28532e4dadac245532df47922d882c2913feb8b4adb37d78fea2d8007422a0030ee1e3ac34ad6f2b00de76e8994e8f54bef4c2604ee1bfbdc1442deecfd4b96b477877437d62d06d1316f31106f27780a5dee11acd1f78c8a0894e601b113de14ed6f8a972637c0e5096a16956f4865c1752c61695e25a5a7b625da0deee165047384020481cb71dc23776712b1a685b76b9fea362034f32b72f292b8e46090080a3aa5a52dd9980a00132900025861988b58d3e0cfee0502ecea758544e372fb14141be25b6766fa442a7765df3714020e6cbed1d9b70267a95fea663a4ca5eb4c5bb24513764501b1bf6b226c965f1897a56eb45ed84908d169de30ec078a81685df582000d6c584808a65c19841a9912afae6541a750591cb2938595cd69ace08c4514bbbf98c14d47619a858e134267c3db32b513332dfb4051095c151a2b480b5e4744e710a0d50415230a969b17667a44040a52a65745457010ed83ff63dc94c08608f4155007e7e635d52d098428869a614493b231c6fbee297500e5c110dd019137f1042d4640a9f68a0c142b0d3e0fee284082f00ff0070c46ec89bc7247ee0f52e2ca80a034bf3136ab49435f72240a1759fbb7000ab9843dbfee3c028f6d46a173caa199a15daaebc4521c9baef19e7a411dc6dc0639820a3ef04f888dc125386ff0063a438244c9cfbc525e1af28987fa8ac6e55a6195644723b95000f21fa87df5a0d9ed060287383151a8720d3fb6595aaae2586adf6876f0368581fdc28a0ac91a47e0f4e0da079179ed1d62735b08d98019c9514167b2ff10402a7b121c205ed0b0500f24b94630bc34b04058894a48440d9cc3646f8bb99d49e62596d7bc682ae088029dea10b50e0b8ea1502ed1a65442b9203f9804a29575802bac7cec1ca48d1d41569a8369f847f7178bcaf1f1728009a75f996d37655622725a2f570510d44c2f16b152bdf10aaaec0804410e48adc6c146052e8df8c4b8a0129084581a65bde2bf113ac2aeb6c30b803799725086348d5183de3502dad44114264952af9dc659c8dbda3a8c8b4671044ac119fb928892e6aeabe2346eb60c46b1162ddf68d30c06942fed14545c2a5bfd4be70a5d00a3db1060acdd831ef10080a04fca2008137792344541ab7998434a84c4b6a9572dc116803251cc459a3371c1c955bdcb400b8b33da01314c6e712b0ab1c24ab2e85d292bb440b03a148af2f41d4c4a0ba0c99f99b471e612b800d306320f921e803b88a0036a385cc66e1e2f314b03b34fde22821dd14af6b8d150d0867de2001634d956f684525b90bb8203cf245b55bcea75a80ef13a29d7197e235a276aa3af78a11566c4cc028dcd73daa29109ea27c430223d12585043b12e02a1dc15f6973608ba1af24cc509d3703a3234949ef1d594dabb58281b7984980dae8431401beaf57bce497dee156530f45b6e7074f31a2ed5e236bc61ed181a8a0ae6175073a9ec769aa1362243557a8aa38e630a5afccc86aae805df14cc114949489dc842045a0a5b871ea684a1f306c11a433fccbd354e003ef719ab683545eb8e9174a58da9a81180e9442680aad00e6fc46d9b96fab32746282bc23fa12dae87fb8e6c131f109a5d6310641555a9c679a448ef8f5b0c8c060f1ca995531ae8a659c0d64cea21aa195bbdca1914e2c8e1046ef919419cde56e22c62b681fb850b869a3714021c0aa10e8a07216fdc1c1996aea88038279560800af69721025e0712eae991004f88e8539137f11694189d012e670a44c78858e446bba5e22ad0f3c31ab2039782569bd0bed1a9929e90b6e1528c712d41143350002f3889720e97a61a0755a069f7805a02da0dc2e008e9db1e102cd019b9be2879772f0925a5ba6271d348949d4825b9dd094c44d8985107e23d694a515885854a611c0415c08c3ad7686822a1ba1d9d197a5b16298af3a846af2b74b77008715c9c4aa84c7b11d100e5a60c0d362964485d31713b4eb83c01f7e2085955a05fc12bc514c864fee02695d8961ed126d7084a84102cb484f20fe20f834ada6bef00b6c3660befc4268b924b257c92f6e1de33f3094652f23c3cc48a599445d4a914191bc91ca4a1c36793983c8dc8cdea87de3a989d0c3e48940abc01a7de38d21b5abe917bb7b179b21ab15cab6b31ec8f38f98ec6dc990ff007195455b57979836382a2c089d065605000aae8e9e60764058a2a1a651a395e08ce957002e0bd11168b5e6f899622bd98363aeaf2f5f043bbf31645518b6b85abc4b19a347a1c4b1cd1e217bad3a909a970167fcc429bfb66f7f84519528cdc62910a0743fefbcb4c057995ad0314204363ddc1fb96192d2977422eb6e74a9bf03aa0d1114c5800207e225a82b0519c54bf002568988aa51c112b5c7b4259a36b3de62063c105657bc14b0d8d7da2ab4351012aefaca9154af3b3f114a2ac7922102c3c4cbf6a120d752a4edb3a40c1050d0c7b19858191bb70f88169a11947862423569b57111032ae4c98105ae5b1816fb258a4f6652d3a0b0f7ed10ad11ab045eb962630a2089479a6382c0cddbcfb444823bb32f98f68b5c339e8b00b76c69c387170ac28179b0f47b460327c3dc8822d04511c9ed1028bb02f0748540032260752048d0ee8afc47425e17e18a2d16ecb47b2efc30b8326128139e9da556da3e0fd4185fd2aecf0c47a95bea7648f09f78e9e8c8e6388f33c83f704174c62ab30eae06c434c6a28715464f2730feca11b85392008ad806dee7311053380613b4b954dbeda98f9aed93c54316a4657e4eb10f2c45bba437e497dd8833f113e46b75b254340d35913b9cc29429be1f7e2552cb1d489a842912c61ea500f3de3743db10e8a1b0bb43d5998b6aab967ac730179b9536fdb31d281a80e5fd42c0818c153243c4e2e49744d2bd0ec47325756ad446dd0f796975680e561823b1068808601407111ff48cca8f35cf4865936d132f9fea368b59d60948c0e7b47969a82d657a10b629cbb5e5976d3f1074bc0adab44603a1de2932f3d082d52f7d2590352051858ce0bda863c4e2a7e23def88c05018be5e25c90db7880dddbd22db86741183083418f3006463ad47bd1558a3de109b29983bc6d549f11d0f062ab702dae0859b77fa6013254bef3a8a1b23771121ac712d74b7ac685a98acb02001c793fd5cef7da2e85efb449710444d90e9af649b38986b2eb644b365f7a94494b6797f50582223a67992a4545787af98ee54e1349d6285de7a03074cbf108228c2975d982168e44c9073172a522640c8c6699b6018ff005025b3b2a1056558910083809f920361348d928f0c0527686fcc6ad11c85901c8ea8e20e658526c7cc2403d4ab18416074889137568d2543669f2472c51dc20f00542a51e4e13b90d00d08a87c3155605f4b80560781b8b4d4bbbbf86384f20d8c6c6e2362352b564c530ff4ca01cbc9a7e1986c630e7360c3e48fa801a571e22b563c8ec8e004b7fa1e21803c56537d9e6125e7a8a4a811394ff49932073a89ec5749fee074963b468dbef70b8c1e730981dd29ddf880081d90470a5bceb168905aa711a2ca2b7cc40b655d6e08856da3704542aa64ca1887027cc04d243a8430dd940eeb07e660b78e7703956cad5c050b6ab37c46f1bb2daf7afd4c7525911ca43b4155b6ab7bccc97678c4bb74e342462592ae7b66344c4c5f10838c8fc3135747cea092c44ed046d58eb5336536f3f1284884429940958558eec40c03bd6e097dab1088446bf78026423c223662e54864d39de224d263adcc7aa6bac020211b11d4255d453e46a1d18ae2bef148502c6f49310a6fbb011b5db32b1294ab332fad40b4ba39253ab29de54bb4c8f231ac3ac886c821512630d40dca87de21eaa0598ce2e14e89cc0401011d8f3133894470ef11446d5011833ab972605962e1eccaa02893dc8be6898f4546824800c22cb14a73dffefee5e96029c9d1a8a251cf4f7ffb98806c334f3a8836c526a0d4d30a5177da18d123a4a60962b473984c04396d95d9bc4b9080237786003f64640fbec8316b68722aaff3f7834057652e222a146b1bf3fb8336da45b4e9392fe52ad651e60d553bd4347663c7b42a2dade40707fdf8955fc51a7f547fd14cdfc53230f89d03e221d08074201d0805ea6aea5bd59ffb93ff007a273ba888b56bbe5d0880bf9b183699394b8565b7bc6975baf7981968e7c4a9cb4733b4279eecbbeb7598997ccb0cbe7c4dc1eeef058cbf3e26072e8e677bdd7b456b6ffcc56b9658db5d66e4f7c792d1cf896396baf79c83e7b328fe6bb9321968e614397ccea1f3095af7c3075baf98455cdcf98ab7479ec42832f99cc3e65b4ffdd63763b7e18aec7feb96326fac6b66727e489d8f3f960b665dc168cc797863793c7ea5065e7996db2f3fb8de6eff00820b5ed15bdb05ce5895cbaf3dd981973cc2872e79f33717dfdc96d32ea0b8cbcc7065f30142d39ecc2a741e7ccad938e631ceeebd99d8b39ed0c9dee6002be6f13c57e5de3664d1cf68e0cb9e7cc2c65aeb0544ad089e7c738128174aef0020274639bf0f697387c4485930d4a43170bf58e2eb3cfab3df404f046a2cbe66661cf1e6680d74846965d3e634ba072e92afef7684a932ef3ccb5f84e92abf1a7fffd9);

-- --------------------------------------------------------

--
-- Table structure for table `restaurant`
--

CREATE TABLE `restaurant` (
  `ResID` int(11) NOT NULL,
  `Name` varchar(100) NOT NULL,
  `Username` varchar(20) NOT NULL,
  `Password` varchar(20) NOT NULL,
  `RegStatus` varchar(20) NOT NULL,
  `address` text NOT NULL,
  `phone_no` varchar(15) NOT NULL
) ENGINE=InnoDB DEFAULT CHARSET=latin1;

--
-- Dumping data for table `restaurant`
--

INSERT INTO `restaurant` (`ResID`, `Name`, `Username`, `Password`, `RegStatus`, `address`, `phone_no`) VALUES
(1, 'Tan', 'Res', '12345', 'Approved', '', ''),
(2, 'CHOK', 'RES_2', '12345', 'Approved', '12', '0104049910'),
(3, 'Ivan', 'CB17000', '12345', 'Approved', 'dfgdfgdfg', '0104049910'),
(4, 'Ivan', 'res3', '12345', 'Approved', 'dfgdfgdfg', '0104049910'),
(5, 'Restaurant Kam', 'kam', '12345', 'Approved', '12,LORONG BUNGA TANJUNG 4, JALAN RAJA UDA', '0104049910'),
(6, 'ivan yong', 'yongyong', '12345', 'Approved', '12,LORONG BUNGA TANJUNG 4, JALAN RAJA UDA', '0104049910');

-- --------------------------------------------------------

--
-- Table structure for table `user`
--

CREATE TABLE `user` (
  `Username` varchar(20) NOT NULL,
  `Password` varchar(20) NOT NULL,
  `Usertype` varchar(20) NOT NULL
) ENGINE=InnoDB DEFAULT CHARSET=latin1;

--
-- Dumping data for table `user`
--

INSERT INTO `user` (`Username`, `Password`, `Usertype`) VALUES
('A012', '12', 'customer'),
('aa', '12', 'despatcher'),
('ADM1', '12345', 'admin'),
('asd', '12', 'customer'),
('CB17104', '12', 'customer'),
('Cust', '12345', 'customer'),
('Desp', '12345', 'despatcher'),
('Desp_2', '12345', 'despatcher'),
('kam', '12345', 'restaurant'),
('Res', '12345', 'restaurant'),
('RES_2', '54321', 'restaurant'),
('yongyong', '12345', 'restaurant');

-- --------------------------------------------------------

--
-- Table structure for table `voucher`
--

CREATE TABLE `voucher` (
  `VoucherID` int(11) NOT NULL,
  `PaymentID` int(11) NOT NULL,
  `CustID` int(11) NOT NULL,
  `DueDate` date NOT NULL,
  `Discount` varchar(11) NOT NULL
) ENGINE=InnoDB DEFAULT CHARSET=latin1;

--
-- Dumping data for table `voucher`
--

INSERT INTO `voucher` (`VoucherID`, `PaymentID`, `CustID`, `DueDate`, `Discount`) VALUES
(9, 1010, 1, '2020-01-13', '5%'),
(10, 1010, 1, '2020-01-13', '5%'),
(11, 1011, 1, '2020-01-13', '5%'),
(12, 1011, 1, '2020-01-13', '5%'),
(13, 1013, 3, '2020-01-13', '5%'),
(14, 1013, 3, '2020-01-13', '5%'),
(15, 1020, 1, '2020-01-13', '5%'),
(16, 1020, 1, '2020-01-13', '5%'),
(17, 1021, 1, '2020-01-13', '5%'),
(18, 1021, 1, '2020-01-13', '5%'),
(19, 1022, 1, '2020-01-13', '5%'),
(20, 1022, 1, '2020-01-13', '5%'),
(21, 1023, 1, '2020-01-13', '5%'),
(22, 1023, 1, '2020-01-13', '5%'),
(23, 1024, 1, '2020-01-13', '5%'),
(24, 1024, 1, '2020-01-13', '5%'),
(25, 1025, 1, '2020-01-13', '5%'),
(26, 1025, 1, '2020-01-13', '5%');

--
-- Indexes for dumped tables
--

--
-- Indexes for table `admin`
--
ALTER TABLE `admin`
  ADD PRIMARY KEY (`AdminID`),
  ADD KEY `Username` (`Username`);

--
-- Indexes for table `cart`
--
ALTER TABLE `cart`
  ADD PRIMARY KEY (`CartID`);

--
-- Indexes for table `customer`
--
ALTER TABLE `customer`
  ADD PRIMARY KEY (`CustID`),
  ADD KEY `Username` (`Username`);

--
-- Indexes for table `despatcher`
--
ALTER TABLE `despatcher`
  ADD PRIMARY KEY (`DespatcherID`),
  ADD KEY `Username` (`Username`);

--
-- Indexes for table `feedback`
--
ALTER TABLE `feedback`
  ADD PRIMARY KEY (`CustID`,`DespatcherID`);

--
-- Indexes for table `item`
--
ALTER TABLE `item`
  ADD PRIMARY KEY (`ItemID`),
  ADD KEY `ResID` (`ResID`);

--
-- Indexes for table `orderdetail`
--
ALTER TABLE `orderdetail`
  ADD PRIMARY KEY (`OrderID`);

--
-- Indexes for table `payment`
--
ALTER TABLE `payment`
  ADD PRIMARY KEY (`PaymentID`);

--
-- Indexes for table `record`
--
ALTER TABLE `record`
  ADD PRIMARY KEY (`username`);

--
-- Indexes for table `restaurant`
--
ALTER TABLE `restaurant`
  ADD PRIMARY KEY (`ResID`),
  ADD KEY `Username` (`Username`);

--
-- Indexes for table `user`
--
ALTER TABLE `user`
  ADD PRIMARY KEY (`Username`);

--
-- Indexes for table `voucher`
--
ALTER TABLE `voucher`
  ADD PRIMARY KEY (`VoucherID`),
  ADD KEY `PaymentID` (`PaymentID`),
  ADD KEY `CustID` (`CustID`);

--
-- AUTO_INCREMENT for dumped tables
--

--
-- AUTO_INCREMENT for table `admin`
--
ALTER TABLE `admin`
  MODIFY `AdminID` int(11) NOT NULL AUTO_INCREMENT, AUTO_INCREMENT=2;

--
-- AUTO_INCREMENT for table `cart`
--
ALTER TABLE `cart`
  MODIFY `CartID` int(11) NOT NULL AUTO_INCREMENT, AUTO_INCREMENT=48;

--
-- AUTO_INCREMENT for table `customer`
--
ALTER TABLE `customer`
  MODIFY `CustID` int(11) NOT NULL AUTO_INCREMENT, AUTO_INCREMENT=5;

--
-- AUTO_INCREMENT for table `despatcher`
--
ALTER TABLE `despatcher`
  MODIFY `DespatcherID` int(11) NOT NULL AUTO_INCREMENT, AUTO_INCREMENT=4;

--
-- AUTO_INCREMENT for table `item`
--
ALTER TABLE `item`
  MODIFY `ItemID` int(11) NOT NULL AUTO_INCREMENT, AUTO_INCREMENT=11;

--
-- AUTO_INCREMENT for table `orderdetail`
--
ALTER TABLE `orderdetail`
  MODIFY `OrderID` int(11) NOT NULL AUTO_INCREMENT, AUTO_INCREMENT=41;

--
-- AUTO_INCREMENT for table `payment`
--
ALTER TABLE `payment`
  MODIFY `PaymentID` int(11) NOT NULL AUTO_INCREMENT, AUTO_INCREMENT=1026;

--
-- AUTO_INCREMENT for table `restaurant`
--
ALTER TABLE `restaurant`
  MODIFY `ResID` int(11) NOT NULL AUTO_INCREMENT, AUTO_INCREMENT=7;

--
-- AUTO_INCREMENT for table `voucher`
--
ALTER TABLE `voucher`
  MODIFY `VoucherID` int(11) NOT NULL AUTO_INCREMENT, AUTO_INCREMENT=27;

--
-- Constraints for dumped tables
--

--
-- Constraints for table `admin`
--
ALTER TABLE `admin`
  ADD CONSTRAINT `Username` FOREIGN KEY (`Username`) REFERENCES `user` (`Username`);

--
-- Constraints for table `customer`
--
ALTER TABLE `customer`
  ADD CONSTRAINT `customer_ibfk_1` FOREIGN KEY (`Username`) REFERENCES `user` (`Username`);

--
-- Constraints for table `despatcher`
--
ALTER TABLE `despatcher`
  ADD CONSTRAINT `despatcher_ibfk_1` FOREIGN KEY (`Username`) REFERENCES `user` (`Username`);

--
-- Constraints for table `item`
--
ALTER TABLE `item`
  ADD CONSTRAINT `item_ibfk_1` FOREIGN KEY (`ResID`) REFERENCES `restaurant` (`ResID`);

--
-- Constraints for table `voucher`
--
ALTER TABLE `voucher`
  ADD CONSTRAINT `voucher_ibfk_1` FOREIGN KEY (`PaymentID`) REFERENCES `payment` (`PaymentID`),
  ADD CONSTRAINT `voucher_ibfk_3` FOREIGN KEY (`CustID`) REFERENCES `customer` (`CustID`);
COMMIT;

/*!40101 SET CHARACTER_SET_CLIENT=@OLD_CHARACTER_SET_CLIENT */;
/*!40101 SET CHARACTER_SET_RESULTS=@OLD_CHARACTER_SET_RESULTS */;
/*!40101 SET COLLATION_CONNECTION=@OLD_COLLATION_CONNECTION */;
